comparison,FEATURE_ID,c1_num_reps,counts_c1_g1_rep1,counts_c1_g2_rep1,counts_c1_both_rep1,counts_c1_g1_rep2,counts_c1_g2_rep2,counts_c1_both_rep2,counts_c1_g1_rep3,counts_c1_g2_rep3,counts_c1_both_rep3,prior_c1_g1,prior_c1_g2,c1_flag_analyze,c2_num_reps,counts_c2_g1_rep1,counts_c2_g2_rep1,counts_c2_both_rep1,counts_c2_g1_rep2,counts_c2_g2_rep2,counts_c2_both_rep2,counts_c2_g1_rep3,counts_c2_g2_rep3,counts_c2_both_rep3,prior_c2_g1,prior_c2_g2,c2_flag_analyze
line,fusion_id,3,5,8,5721,1,13,8165,2,13,7397,0.5,0.8,1,3,1,14,7110,7,16,6593,6,11,9063,0.5,0.8,1
line,fusion_id,3,4,6,6867,2,11,7355,3,4,7529,0.5,0.8,1,3,1,3,6950,2,5,6875,6,11,6461,0.5,0.8,1
line,fusion_id,3,7,5,4794,8,4,5061,6,11,7363,0.5,0.8,1,3,8,5,8473,4,5,7388,6,1,6207,0.5,0.8,1
line,fusion_id,3,6,12,6881,2,7,7618,4,6,7604,0.5,0.8,1,3,3,7,7129,4,9,8123,8,8,5488,0.5,0.8,1
line,fusion_id,3,6,5,6962,11,9,6728,6,4,6067,0.5,0.8,1,3,5,11,6865,6,11,6547,4,5,7233,0.5,0.8,1
line,fusion_id,3,8,7,7898,5,9,5425,5,8,6702,0.5,0.8,1,3,5,10,7174,7,3,7382,7,11,6510,0.5,0.8,1
line,fusion_id,3,5,5,6022,9,3,6219,3,8,9168,0.5,0.8,1,3,3,10,7957,4,8,7389,2,8,6004,0.5,0.8,1
line,fusion_id,3,5,6,9026,10,7,5192,10,8,6364,0.5,0.8,1,3,5,3,5731,5,6,6474,4,5,7034,0.5,0.8,1
line,fusion_id,3,6,10,6946,3,5,6528,9,9,7174,0.5,0.8,1,3,3,8,6758,4,4,8261,6,10,7279,0.5,0.8,1
line,fusion_id,3,8,5,7196,4,10,8045,10,9,5695,0.5,0.8,1,3,4,9,5586,8,10,6841,9,9,5552,0.5,0.8,1
line,fusion_id,3,8,4,7300,5,6,6783,6,6,6390,0.5,0.8,1,3,5,4,8654,9,4,7999,8,9,8262,0.5,0.8,1
line,fusion_id,3,8,5,8185,3,6,8298,4,5,5182,0.5,0.8,1,3,9,10,6023,8,11,7001,3,7,9009,0.5,0.8,1
line,fusion_id,3,6,9,6975,3,7,8695,7,9,6985,0.5,0.8,1,3,8,8,5861,5,4,9399,6,7,5185,0.5,0.8,1
line,fusion_id,3,9,6,6409,5,9,7228,3,8,8301,0.5,0.8,1,3,2,3,6450,6,10,5405,5,12,7722,0.5,0.8,1
line,fusion_id,3,7,5,6832,4,10,9641,8,11,8001,0.5,0.8,1,3,7,5,6565,9,6,7041,4,8,8240,0.5,0.8,1
line,fusion_id,3,2,6,7136,1,14,6343,1,9,6798,0.5,0.8,1,3,5,7,7619,5,5,6056,5,5,6540,0.5,0.8,1
line,fusion_id,3,6,10,7216,7,5,6409,1,12,7162,0.5,0.8,1,3,3,4,7800,4,7,6709,3,10,8054,0.5,0.8,1
line,fusion_id,3,8,3,6959,6,5,6717,7,8,6591,0.5,0.8,1,3,8,11,6747,6,5,7685,6,9,8361,0.5,0.8,1
line,fusion_id,3,5,14,7301,8,9,6927,9,6,8690,0.5,0.8,1,3,4,3,6785,4,11,6770,3,2,7292,0.5,0.8,1
line,fusion_id,3,8,8,7426,3,7,8254,8,7,8601,0.5,0.8,1,3,7,4,7404,6,9,5939,5,7,6738,0.5,0.8,1
line,fusion_id,3,2,8,7631,1,6,8633,6,9,7484,0.5,0.8,1,3,5,9,6844,7,7,7167,8,7,7483,0.5,0.8,1
line,fusion_id,3,2,7,6889,3,5,6515,7,5,6706,0.5,0.8,1,3,5,5,6514,6,7,6195,2,11,6201,0.5,0.8,1
line,fusion_id,3,5,3,9413,6,17,6703,3,9,7691,0.5,0.8,1,3,6,13,7150,4,7,7287,3,5,6971,0.5,0.8,1
line,fusion_id,3,4,6,8754,9,4,7715,4,8,7332,0.5,0.8,1,3,4,6,5630,1,6,6206,6,5,6271,0.5,0.8,1
line,fusion_id,3,5,8,6847,8,4,8158,5,8,6768,0.5,0.8,1,3,10,5,5804,7,10,7551,5,9,8313,0.5,0.8,1
line,fusion_id,3,4,3,7575,6,7,6908,4,10,7139,0.5,0.8,1,3,3,6,6239,4,10,8484,6,8,5993,0.5,0.8,1
line,fusion_id,3,4,10,6773,4,10,6962,7,9,7076,0.5,0.8,1,3,7,10,6163,6,8,6830,6,10,5499,0.5,0.8,1
line,fusion_id,3,7,14,6454,7,5,5338,5,10,7008,0.5,0.8,1,3,4,7,7582,6,6,8202,9,5,5257,0.5,0.8,1
line,fusion_id,3,5,5,8305,3,9,6380,6,11,6768,0.5,0.8,1,3,3,10,6393,9,9,5639,7,10,6613,0.5,0.8,1
line,fusion_id,3,10,2,6267,3,11,7110,6,7,6587,0.5,0.8,1,3,8,6,7101,7,9,7342,0,8,8650,0.5,0.8,1
line,fusion_id,3,10,6,6777,1,4,5389,4,10,5929,0.5,0.8,1,3,3,9,7175,8,15,6495,2,7,6534,0.5,0.8,1
line,fusion_id,3,4,7,6538,8,11,5531,6,11,6439,0.5,0.8,1,3,2,7,7630,2,7,5450,6,8,7160,0.5,0.8,1
line,fusion_id,3,4,5,7408,5,13,7775,2,7,8466,0.5,0.8,1,3,4,11,5701,2,2,7484,4,11,6476,0.5,0.8,1
line,fusion_id,3,8,11,7272,5,7,6276,3,8,6367,0.5,0.8,1,3,5,11,7066,4,10,8756,8,8,8109,0.5,0.8,1
line,fusion_id,3,6,7,6781,3,9,5889,3,13,4755,0.5,0.8,1,3,2,6,6700,4,4,6847,11,7,9686,0.5,0.8,1
line,fusion_id,3,7,5,7966,3,9,5565,5,12,9368,0.5,0.8,1,3,6,7,6879,2,7,8157,7,7,5459,0.5,0.8,1
line,fusion_id,3,3,7,6492,9,7,8526,6,9,7365,0.5,0.8,1,3,2,7,6623,3,12,7086,6,9,6053,0.5,0.8,1
line,fusion_id,3,8,10,6533,7,5,5721,6,9,6229,0.5,0.8,1,3,4,4,5837,9,5,5556,2,11,6200,0.5,0.8,1
line,fusion_id,3,9,10,5445,0,13,6288,4,7,7748,0.5,0.8,1,3,2,6,6549,7,11,7526,7,13,7977,0.5,0.8,1
line,fusion_id,3,7,7,6659,7,4,7736,5,6,6030,0.5,0.8,1,3,5,6,5598,5,7,6859,0,8,6265,0.5,0.8,1
line,fusion_id,3,8,12,7399,3,13,6555,7,10,6233,0.5,0.8,1,3,9,9,6747,2,14,6876,5,7,6071,0.5,0.8,1
line,fusion_id,3,2,7,8194,5,9,6870,6,8,6172,0.5,0.8,1,3,5,12,6464,4,12,6270,8,6,5826,0.5,0.8,1
line,fusion_id,3,5,17,6693,4,6,6587,7,6,7762,0.5,0.8,1,3,4,8,5480,6,12,5903,3,6,6677,0.5,0.8,1
line,fusion_id,3,4,5,6694,5,6,5803,0,6,6924,0.5,0.8,1,3,6,8,6531,2,7,6068,7,9,6252,0.5,0.8,1
line,fusion_id,3,6,7,7413,7,11,8371,7,6,6547,0.5,0.8,1,3,4,5,5946,2,11,7347,4,4,6193,0.5,0.8,1
line,fusion_id,3,5,7,7252,6,9,9311,2,11,7007,0.5,0.8,1,3,2,7,6938,3,10,6248,7,9,6669,0.5,0.8,1
line,fusion_id,3,3,4,6375,6,7,7300,6,6,8631,0.5,0.8,1,3,7,11,6525,4,5,8584,2,10,6795,0.5,0.8,1
line,fusion_id,3,4,5,5998,2,2,7447,7,13,7461,0.5,0.8,1,3,5,10,5705,7,6,6078,5,6,6536,0.5,0.8,1
line,fusion_id,3,4,4,8640,3,7,6716,9,5,5276,0.5,0.8,1,3,3,4,7123,2,4,5185,5,9,6555,0.5,0.8,1
line,fusion_id,3,8,9,7413,3,13,5846,2,14,6577,0.5,0.8,1,3,7,8,6160,4,8,8638,5,8,8073,0.5,0.8,1
line,fusion_id,3,6,6,6622,3,7,6136,6,5,9261,0.5,0.8,1,3,12,11,6146,10,9,6034,3,10,7433,0.5,0.8,1
line,fusion_id,3,4,11,7400,6,7,8941,8,8,5730,0.5,0.8,1,3,5,6,6720,5,8,6147,5,6,4427,0.5,0.8,1
line,fusion_id,3,4,8,7168,7,8,7070,3,6,6126,0.5,0.8,1,3,6,17,9156,5,8,6065,4,19,6518,0.5,0.8,1
line,fusion_id,3,5,6,8617,5,7,7082,7,9,6826,0.5,0.8,1,3,2,13,6502,3,11,7286,4,4,6262,0.5,0.8,1
line,fusion_id,3,4,8,5791,6,9,8015,4,4,6486,0.5,0.8,1,3,9,3,6414,7,8,6820,5,15,6078,0.5,0.8,1
line,fusion_id,3,3,10,6728,4,11,6985,3,13,6883,0.5,0.8,1,3,8,16,7856,5,8,7446,7,10,7493,0.5,0.8,1
line,fusion_id,3,3,7,7533,2,4,6882,5,9,7682,0.5,0.8,1,3,8,5,7653,5,6,5887,7,7,6750,0.5,0.8,1
line,fusion_id,3,4,4,6769,4,6,7989,9,9,6843,0.5,0.8,1,3,5,5,6438,3,7,7322,4,7,6434,0.5,0.8,1
line,fusion_id,3,6,15,6425,2,12,5624,4,12,5963,0.5,0.8,1,3,1,13,6289,3,7,5949,3,4,7203,0.5,0.8,1
line,fusion_id,3,4,8,7170,4,15,5760,5,9,5724,0.5,0.8,1,3,2,2,7639,8,8,7079,8,10,9258,0.5,0.8,1
line,fusion_id,3,1,8,6873,5,10,7125,11,8,6849,0.5,0.8,1,3,7,13,6160,8,6,6291,4,7,7657,0.5,0.8,1
line,fusion_id,3,6,14,8375,5,8,6425,2,10,6986,0.5,0.8,1,3,4,10,8495,5,5,8479,2,12,7874,0.5,0.8,1
line,fusion_id,3,5,6,8584,4,6,7022,8,10,5666,0.5,0.8,1,3,4,5,6593,5,8,8457,6,10,5095,0.5,0.8,1
line,fusion_id,3,2,10,7272,8,8,7453,6,5,7248,0.5,0.8,1,3,3,5,6235,2,10,7653,6,14,7966,0.5,0.8,1
line,fusion_id,3,10,8,6846,3,4,5838,7,6,5058,0.5,0.8,1,3,2,5,7710,9,8,6199,8,4,7288,0.5,0.8,1
line,fusion_id,3,5,9,4641,3,8,7704,3,10,7366,0.5,0.8,1,3,4,9,6621,8,11,8299,5,6,7408,0.5,0.8,1
line,fusion_id,3,2,6,6039,5,19,7514,3,5,7090,0.5,0.8,1,3,5,11,6291,11,9,7785,3,7,5870,0.5,0.8,1
line,fusion_id,3,6,5,7294,1,3,6066,3,6,6204,0.5,0.8,1,3,9,13,7941,5,9,6342,4,12,6508,0.5,0.8,1
line,fusion_id,3,5,5,6672,4,12,6508,10,9,6651,0.5,0.8,1,3,0,9,7113,4,6,6332,5,4,5687,0.5,0.8,1
line,fusion_id,3,8,8,8209,4,7,7095,3,7,5238,0.5,0.8,1,3,3,9,7565,7,13,7288,5,4,7473,0.5,0.8,1
line,fusion_id,3,3,11,7706,5,10,8137,3,7,6414,0.5,0.8,1,3,4,5,7626,4,8,6403,4,7,5950,0.5,0.8,1
line,fusion_id,3,4,11,4318,6,7,7631,11,2,7151,0.5,0.8,1,3,4,4,8129,3,8,7613,5,15,8000,0.5,0.8,1
line,fusion_id,3,7,5,5937,5,9,6745,5,12,7419,0.5,0.8,1,3,2,9,7242,1,1,6643,3,9,6568,0.5,0.8,1
line,fusion_id,3,2,6,8211,5,6,6318,2,10,5963,0.5,0.8,1,3,3,10,9708,11,5,6797,8,10,6812,0.5,0.8,1
line,fusion_id,3,6,8,7500,4,9,7009,8,9,7205,0.5,0.8,1,3,4,6,6247,5,6,6845,6,7,6239,0.5,0.8,1
line,fusion_id,3,4,8,6773,7,7,5176,3,6,8415,0.5,0.8,1,3,9,8,6520,7,8,7046,2,10,6444,0.5,0.8,1
line,fusion_id,3,5,4,7284,3,2,7846,8,10,6596,0.5,0.8,1,3,2,6,6612,3,8,7406,2,8,6008,0.5,0.8,1
line,fusion_id,3,5,11,6148,6,8,7611,1,9,7090,0.5,0.8,1,3,2,8,5955,2,19,9652,4,7,8245,0.5,0.8,1
line,fusion_id,3,9,10,7485,5,8,6973,5,6,7142,0.5,0.8,1,3,5,12,5676,10,8,8399,9,13,7114,0.5,0.8,1
line,fusion_id,3,3,6,7058,5,6,8036,7,10,8670,0.5,0.8,1,3,7,6,6916,3,8,6087,8,5,5982,0.5,0.8,1
line,fusion_id,3,2,7,5643,4,8,7132,6,5,5947,0.5,0.8,1,3,10,6,7775,4,10,6479,5,12,7749,0.5,0.8,1
line,fusion_id,3,4,7,5352,5,8,8557,3,10,8524,0.5,0.8,1,3,7,5,6537,3,8,8131,2,9,6927,0.5,0.8,1
line,fusion_id,3,5,11,5488,5,9,6264,8,8,6622,0.5,0.8,1,3,3,4,8090,3,5,6831,5,7,9276,0.5,0.8,1
line,fusion_id,3,1,13,7109,2,11,6236,1,10,8461,0.5,0.8,1,3,6,3,8198,5,6,6798,2,8,5698,0.5,0.8,1
line,fusion_id,3,4,7,8567,4,11,6229,1,14,7569,0.5,0.8,1,3,7,11,7059,1,6,7172,6,7,5318,0.5,0.8,1
line,fusion_id,3,4,12,6670,6,6,6656,6,7,8023,0.5,0.8,1,3,6,5,6846,3,10,6789,4,8,7942,0.5,0.8,1
line,fusion_id,3,4,7,6331,5,12,8696,5,10,5515,0.5,0.8,1,3,5,8,6916,2,3,6936,7,12,5719,0.5,0.8,1
line,fusion_id,3,7,8,7681,7,4,6996,5,10,7044,0.5,0.8,1,3,6,8,5255,6,6,6859,5,6,7163,0.5,0.8,1
line,fusion_id,3,1,8,7591,6,5,9649,4,11,6630,0.5,0.8,1,3,7,7,6016,9,10,7791,5,9,5900,0.5,0.8,1
line,fusion_id,3,4,4,6046,8,6,7512,5,7,7040,0.5,0.8,1,3,6,7,7624,3,8,6853,7,7,6436,0.5,0.8,1
line,fusion_id,3,10,11,8290,6,11,6555,5,7,6552,0.5,0.8,1,3,5,9,7786,5,6,7368,4,7,7672,0.5,0.8,1
line,fusion_id,3,1,11,6410,2,9,8058,5,7,5673,0.5,0.8,1,3,5,5,5662,2,6,8559,7,11,6963,0.5,0.8,1
line,fusion_id,3,2,9,6524,7,6,6274,8,12,6143,0.5,0.8,1,3,4,11,8483,6,8,5833,6,6,6862,0.5,0.8,1
line,fusion_id,3,10,7,7835,8,6,7757,2,8,6909,0.5,0.8,1,3,0,4,7742,7,10,8717,9,6,7445,0.5,0.8,1
line,fusion_id,3,3,8,6172,5,10,5454,3,13,6634,0.5,0.8,1,3,7,7,6662,9,8,6468,3,7,6767,0.5,0.8,1
line,fusion_id,3,3,6,7495,5,7,7878,7,10,7089,0.5,0.8,1,3,3,9,6388,7,9,5886,5,8,7301,0.5,0.8,1
line,fusion_id,3,5,4,5333,4,8,7741,8,7,7588,0.5,0.8,1,3,1,9,7365,5,11,8267,2,7,6037,0.5,0.8,1
line,fusion_id,3,5,6,7113,6,7,6311,10,9,6627,0.5,0.8,1,3,2,8,7987,5,5,8181,2,5,6402,0.5,0.8,1
line,fusion_id,3,3,9,6970,6,6,6593,3,6,7020,0.5,0.8,1,3,4,6,5806,6,12,5838,8,12,6562,0.5,0.8,1
line,fusion_id,3,3,9,5998,5,7,7311,3,10,7490,0.5,0.8,1,3,6,3,6435,5,5,6223,2,0,5948,0.5,0.8,1
line,fusion_id,3,5,5,5483,4,6,5988,4,11,5936,0.5,0.8,1,3,2,10,10616,5,14,6477,6,10,6740,0.5,0.8,1
line,fusion_id,3,10,11,7388,7,16,7038,2,6,5592,0.5,0.8,1,3,4,6,7519,5,9,9047,3,4,7317,0.5,0.8,1
line,fusion_id,3,6,9,7474,9,7,6621,5,8,8218,0.5,0.8,1,3,9,5,6996,8,4,6201,3,7,6023,0.5,0.8,1
line,fusion_id,3,6,7,9914,5,9,6565,2,5,7563,0.5,0.8,1,3,2,9,8503,2,4,6893,5,7,7301,0.5,0.8,1
line,fusion_id,3,5,6,6363,8,3,6447,6,10,7306,0.5,0.8,1,3,6,6,9351,6,8,5735,3,14,8112,0.5,0.8,1
line,fusion_id,3,8,13,9737,5,3,7650,4,7,6493,0.5,0.8,1,3,4,9,8581,7,10,7564,3,16,5759,0.5,0.8,1
line,fusion_id,3,6,14,6305,5,9,7456,8,5,7060,0.5,0.8,1,3,4,7,7723,6,8,8276,5,5,6350,0.5,0.8,1
line,fusion_id,3,4,7,5299,7,8,6684,3,0,4276,0.5,0.8,1,3,7,6,7810,8,6,5910,3,7,8297,0.5,0.8,1
line,fusion_id,3,8,14,6201,6,10,6340,5,5,7620,0.5,0.8,1,3,2,10,6908,8,10,5089,6,10,7117,0.5,0.8,1
line,fusion_id,3,4,9,6606,2,11,7479,3,10,7238,0.5,0.8,1,3,3,6,8245,2,3,7109,10,2,6501,0.5,0.8,1
line,fusion_id,3,3,10,6984,1,15,7745,3,8,7510,0.5,0.8,1,3,10,9,8938,5,9,7043,5,5,9238,0.5,0.8,1
line,fusion_id,3,4,10,7898,3,7,5732,5,10,7474,0.5,0.8,1,3,3,9,5272,6,4,6845,12,7,6774,0.5,0.8,1
line,fusion_id,3,4,7,6396,3,7,6907,3,5,7847,0.5,0.8,1,3,1,2,6380,6,4,6535,1,8,10454,0.5,0.8,1
line,fusion_id,3,2,9,7452,5,9,6589,4,9,8156,0.5,0.8,1,3,9,12,6443,5,5,7490,3,6,8628,0.5,0.8,1
line,fusion_id,3,2,11,5381,8,9,6033,2,6,7787,0.5,0.8,1,3,5,7,6516,1,10,7585,5,8,7595,0.5,0.8,1
line,fusion_id,3,7,15,6816,4,7,5820,2,10,7638,0.5,0.8,1,3,6,5,6798,5,10,6301,4,11,6555,0.5,0.8,1
line,fusion_id,3,3,10,5436,10,7,5006,5,13,6405,0.5,0.8,1,3,1,16,7375,4,4,9507,5,14,6913,0.5,0.8,1
line,fusion_id,3,8,8,6890,3,7,5073,7,4,5832,0.5,0.8,1,3,6,7,5862,0,3,9346,11,12,9674,0.5,0.8,1
line,fusion_id,3,3,4,7323,4,4,7280,6,6,8226,0.5,0.8,1,3,5,7,5956,6,8,6980,4,6,7289,0.5,0.8,1
line,fusion_id,3,8,13,6529,5,9,6378,3,9,6314,0.5,0.8,1,3,7,6,7487,5,8,6178,5,11,7112,0.5,0.8,1
line,fusion_id,3,5,5,7176,5,10,6284,1,11,5375,0.5,0.8,1,3,4,5,6615,3,12,6384,4,11,5505,0.5,0.8,1
line,fusion_id,3,5,12,8341,2,4,7852,3,13,8575,0.5,0.8,1,3,6,17,6385,5,5,6363,8,6,7616,0.5,0.8,1
line,fusion_id,3,5,10,7346,4,9,5771,4,5,6892,0.5,0.8,1,3,4,7,5606,7,13,5951,12,5,6300,0.5,0.8,1
line,fusion_id,3,7,7,8399,3,8,5927,7,6,7130,0.5,0.8,1,3,3,12,6151,4,9,7259,3,12,6056,0.5,0.8,1
line,fusion_id,3,8,6,5987,2,2,5725,2,6,7452,0.5,0.8,1,3,5,7,5051,5,7,6472,5,6,6950,0.5,0.8,1
line,fusion_id,3,5,8,8644,8,8,5534,2,8,7444,0.5,0.8,1,3,3,9,5691,3,6,7642,2,8,6060,0.5,0.8,1
line,fusion_id,3,3,4,5493,5,9,5861,7,9,7579,0.5,0.8,1,3,4,7,8955,4,8,6842,9,10,5936,0.5,0.8,1
line,fusion_id,3,4,4,6621,6,11,6060,3,9,6384,0.5,0.8,1,3,8,10,6378,6,8,7708,3,10,6196,0.5,0.8,1
line,fusion_id,3,5,14,7330,5,8,5699,4,3,5283,0.5,0.8,1,3,4,11,6583,4,7,7011,5,7,6624,0.5,0.8,1
line,fusion_id,3,6,11,5806,2,13,6706,5,11,5686,0.5,0.8,1,3,3,6,6426,3,9,6949,5,10,6830,0.5,0.8,1
line,fusion_id,3,7,4,5319,3,7,7921,10,5,8442,0.5,0.8,1,3,8,12,7620,8,15,6964,9,10,6258,0.5,0.8,1
line,fusion_id,3,9,7,7236,5,11,6504,5,11,7784,0.5,0.8,1,3,6,8,5327,9,9,8355,6,10,8030,0.5,0.8,1
line,fusion_id,3,8,8,7811,6,7,5463,5,9,6841,0.5,0.8,1,3,6,6,4989,2,7,6075,4,11,7279,0.5,0.8,1
line,fusion_id,3,5,3,7151,6,5,7073,4,10,7189,0.5,0.8,1,3,6,11,9910,2,8,7241,5,9,3924,0.5,0.8,1
line,fusion_id,3,5,6,6440,7,4,6694,7,3,8900,0.5,0.8,1,3,3,10,6153,2,8,9114,10,8,5647,0.5,0.8,1
line,fusion_id,3,9,11,6451,7,8,6995,3,7,6432,0.5,0.8,1,3,7,9,9775,6,2,5579,4,7,6505,0.5,0.8,1
line,fusion_id,3,5,7,7748,4,17,7991,2,7,8198,0.5,0.8,1,3,7,10,7286,4,4,6819,5,4,6434,0.5,0.8,1
line,fusion_id,3,7,7,9203,12,3,7460,5,11,6293,0.5,0.8,1,3,6,4,7660,6,6,6079,4,5,8855,0.5,0.8,1
line,fusion_id,3,4,10,7347,6,9,6325,8,6,6059,0.5,0.8,1,3,2,5,6272,6,16,7096,3,7,7389,0.5,0.8,1
line,fusion_id,3,1,9,6207,8,6,5713,6,15,7992,0.5,0.8,1,3,9,6,8753,5,3,8546,2,7,8300,0.5,0.8,1
line,fusion_id,3,6,7,7114,4,10,6577,4,7,5202,0.5,0.8,1,3,5,14,5712,5,8,5989,7,5,7451,0.5,0.8,1
line,fusion_id,3,8,5,6402,3,9,8020,5,9,6301,0.5,0.8,1,3,3,6,5511,6,7,6745,5,12,8431,0.5,0.8,1
line,fusion_id,3,5,10,7225,4,6,5641,2,9,6918,0.5,0.8,1,3,4,13,6995,7,6,6692,4,8,8277,0.5,0.8,1
line,fusion_id,3,2,8,8851,6,8,7364,4,12,5648,0.5,0.8,1,3,6,7,6466,5,4,9226,5,8,7228,0.5,0.8,1
line,fusion_id,3,10,8,6561,4,3,9275,4,5,7127,0.5,0.8,1,3,7,2,7349,3,9,5928,3,6,6450,0.5,0.8,1
line,fusion_id,3,4,2,5741,5,11,8121,4,7,7382,0.5,0.8,1,3,2,15,6478,3,9,5312,6,10,7661,0.5,0.8,1
line,fusion_id,3,3,5,6560,7,7,7923,12,5,7255,0.5,0.8,1,3,2,16,7456,4,10,7373,4,5,5345,0.5,0.8,1
line,fusion_id,3,7,3,8393,6,4,6392,2,2,7628,0.5,0.8,1,3,8,4,5728,5,11,6905,5,11,5696,0.5,0.8,1
line,fusion_id,3,5,5,5979,2,9,7366,5,16,5339,0.5,0.8,1,3,2,6,6877,4,5,5757,6,7,7567,0.5,0.8,1
line,fusion_id,3,4,1,6581,3,8,6706,2,13,9398,0.5,0.8,1,3,7,13,6884,3,10,5666,7,1,7082,0.5,0.8,1
line,fusion_id,3,3,5,6895,2,10,6445,7,15,7148,0.5,0.8,1,3,3,7,7906,3,9,7513,4,8,8069,0.5,0.8,1
line,fusion_id,3,6,7,7181,6,8,5801,9,2,6581,0.5,0.8,1,3,4,9,5806,2,6,8159,5,5,6589,0.5,0.8,1
line,fusion_id,3,4,11,5074,8,9,6374,3,6,6170,0.5,0.8,1,3,5,7,6645,2,6,5982,6,6,6056,0.5,0.8,1
line,fusion_id,3,4,3,7907,10,9,5770,4,4,5817,0.5,0.8,1,3,10,4,6758,6,11,7194,6,13,7747,0.5,0.8,1
line,fusion_id,3,1,5,6643,6,3,7228,5,7,6990,0.5,0.8,1,3,5,8,7781,4,6,6001,8,6,7911,0.5,0.8,1
line,fusion_id,3,7,6,6085,2,8,6352,6,9,6989,0.5,0.8,1,3,9,4,5777,9,6,7409,8,14,5590,0.5,0.8,1
line,fusion_id,3,4,10,6192,4,5,6366,3,8,6781,0.5,0.8,1,3,7,7,7358,10,10,5208,7,11,6134,0.5,0.8,1
line,fusion_id,3,6,9,6636,3,6,6336,8,7,6468,0.5,0.8,1,3,6,5,6055,2,11,8308,2,7,5986,0.5,0.8,1
line,fusion_id,3,6,12,6786,13,7,5323,4,6,6224,0.5,0.8,1,3,6,12,7481,4,13,6416,5,10,5945,0.5,0.8,1
line,fusion_id,3,5,11,5942,5,14,7157,4,11,8762,0.5,0.8,1,3,5,7,7525,4,7,5089,8,10,5571,0.5,0.8,1
line,fusion_id,3,6,14,7899,4,6,6873,6,10,6369,0.5,0.8,1,3,8,6,7095,3,13,8324,6,12,7568,0.5,0.8,1
line,fusion_id,3,4,11,6413,7,8,7876,4,3,7178,0.5,0.8,1,3,6,9,8197,3,10,8200,5,10,8125,0.5,0.8,1
line,fusion_id,3,7,7,6902,5,12,6269,7,12,7640,0.5,0.8,1,3,3,12,9463,2,5,5768,5,11,7760,0.5,0.8,1
line,fusion_id,3,5,5,8069,1,7,6945,5,11,7181,0.5,0.8,1,3,4,6,7910,5,9,7015,4,10,4799,0.5,0.8,1
line,fusion_id,3,3,11,6560,6,9,6724,6,6,7762,0.5,0.8,1,3,6,10,6956,7,12,8320,5,3,5432,0.5,0.8,1
line,fusion_id,3,7,8,4821,5,7,7081,3,12,6766,0.5,0.8,1,3,2,14,8863,4,10,8419,6,9,7629,0.5,0.8,1
line,fusion_id,3,7,7,7982,3,5,7321,3,7,7773,0.5,0.8,1,3,2,7,6335,6,8,8886,8,7,5019,0.5,0.8,1
line,fusion_id,3,2,6,5697,5,11,6532,2,2,5704,0.5,0.8,1,3,10,6,6610,6,10,8521,6,6,9480,0.5,0.8,1
line,fusion_id,3,5,4,8175,12,10,5379,5,11,7581,0.5,0.8,1,3,3,7,7193,4,9,8219,5,10,5889,0.5,0.8,1
line,fusion_id,3,6,5,5223,5,5,7171,6,6,6816,0.5,0.8,1,3,1,9,8204,5,5,6818,4,5,7066,0.5,0.8,1
line,fusion_id,3,7,12,6639,10,7,7714,5,1,5557,0.5,0.8,1,3,0,7,8589,8,7,7476,5,14,7239,0.5,0.8,1
line,fusion_id,3,12,4,7129,1,9,6639,5,11,7770,0.5,0.8,1,3,4,9,7512,1,3,7009,3,10,7166,0.5,0.8,1
line,fusion_id,3,3,4,7152,4,4,5970,6,3,8241,0.5,0.8,1,3,7,10,5425,8,9,5280,2,12,8627,0.5,0.8,1
line,fusion_id,3,3,6,6542,3,5,5927,6,7,6621,0.5,0.8,1,3,7,11,6526,3,6,7405,3,11,7160,0.5,0.8,1
line,fusion_id,3,10,6,7925,8,10,4439,8,6,7806,0.5,0.8,1,3,4,7,6007,4,12,7455,9,6,8250,0.5,0.8,1
line,fusion_id,3,4,2,7055,4,8,8229,5,7,7289,0.5,0.8,1,3,3,3,8803,4,5,6177,1,6,7535,0.5,0.8,1
line,fusion_id,3,3,11,7923,4,9,7171,4,6,6700,0.5,0.8,1,3,3,8,7791,6,10,5831,5,5,5773,0.5,0.8,1
line,fusion_id,3,3,8,8678,4,8,6757,5,12,7633,0.5,0.8,1,3,7,15,6149,4,8,6047,5,8,5972,0.5,0.8,1
line,fusion_id,3,10,9,6360,6,9,6730,5,4,6983,0.5,0.8,1,3,5,11,7598,2,11,9127,5,7,6168,0.5,0.8,1
line,fusion_id,3,8,6,6772,6,7,7974,7,7,5652,0.5,0.8,1,3,4,10,7846,3,10,7876,8,11,7617,0.5,0.8,1
line,fusion_id,3,6,4,6497,3,8,6947,4,3,6851,0.5,0.8,1,3,8,9,7810,6,7,5496,3,7,7193,0.5,0.8,1
line,fusion_id,3,5,5,6568,5,10,7135,6,8,8619,0.5,0.8,1,3,5,6,7929,5,14,6626,3,7,7102,0.5,0.8,1
line,fusion_id,3,1,11,7729,3,4,9031,4,11,5328,0.5,0.8,1,3,4,10,7055,7,5,8290,7,11,6032,0.5,0.8,1
line,fusion_id,3,7,10,5146,8,6,6763,6,9,7516,0.5,0.8,1,3,3,8,7472,6,4,6837,4,3,8920,0.5,0.8,1
line,fusion_id,3,6,13,6766,5,11,5481,8,9,6392,0.5,0.8,1,3,1,5,8112,4,7,6369,10,10,7798,0.5,0.8,1
line,fusion_id,3,5,9,6381,2,4,6385,4,6,4523,0.5,0.8,1,3,4,7,6491,10,8,8031,5,6,7425,0.5,0.8,1
line,fusion_id,3,4,11,8036,3,8,6233,11,8,6134,0.5,0.8,1,3,3,5,8416,5,6,7352,9,8,6331,0.5,0.8,1
line,fusion_id,3,2,8,7093,7,12,8367,6,5,7207,0.5,0.8,1,3,2,10,8015,4,16,7039,5,9,8388,0.5,0.8,1
line,fusion_id,3,4,9,6511,7,10,6862,8,10,7605,0.5,0.8,1,3,5,7,6563,2,4,7851,5,7,7119,0.5,0.8,1
line,fusion_id,3,8,9,8055,3,13,5607,6,1,7199,0.5,0.8,1,3,3,4,7605,2,11,6985,6,2,6647,0.5,0.8,1
line,fusion_id,3,7,16,8713,7,6,8873,8,3,7968,0.5,0.8,1,3,2,9,7637,5,11,8784,2,7,6648,0.5,0.8,1
line,fusion_id,3,6,6,8458,5,7,7178,4,6,6442,0.5,0.8,1,3,4,9,7116,5,8,5743,2,5,5849,0.5,0.8,1
line,fusion_id,3,7,7,4970,6,11,7254,1,17,7109,0.5,0.8,1,3,3,9,7156,6,5,7839,5,8,6696,0.5,0.8,1
line,fusion_id,3,2,7,6150,3,3,6425,5,7,7563,0.5,0.8,1,3,10,4,7017,4,8,7113,7,9,5553,0.5,0.8,1
line,fusion_id,3,6,6,6329,4,9,6265,3,11,8065,0.5,0.8,1,3,8,10,5953,6,15,6740,0,5,6732,0.5,0.8,1
line,fusion_id,3,1,5,7021,5,7,6536,5,10,7051,0.5,0.8,1,3,7,7,6386,7,3,6774,3,7,8534,0.5,0.8,1
line,fusion_id,3,2,8,6685,6,11,6843,5,9,6874,0.5,0.8,1,3,2,1,9201,8,8,7438,6,8,6377,0.5,0.8,1
line,fusion_id,3,4,7,7649,4,9,7381,7,5,8747,0.5,0.8,1,3,5,10,6677,10,8,7702,9,9,7832,0.5,0.8,1
line,fusion_id,3,4,6,6817,7,8,5313,6,10,6311,0.5,0.8,1,3,2,9,6323,3,3,5523,4,13,5839,0.5,0.8,1
line,fusion_id,3,4,6,6635,4,7,7999,5,11,7560,0.5,0.8,1,3,4,11,8725,4,9,6073,5,5,8060,0.5,0.8,1
line,fusion_id,3,3,10,8674,4,8,6320,2,4,6587,0.5,0.8,1,3,3,5,6755,6,11,8308,5,6,7003,0.5,0.8,1
line,fusion_id,3,4,11,6193,6,12,6326,10,12,5454,0.5,0.8,1,3,6,10,6195,5,9,6970,1,6,7178,0.5,0.8,1
line,fusion_id,3,7,9,8425,5,8,5820,3,6,7909,0.5,0.8,1,3,9,4,5702,5,6,5958,9,7,7017,0.5,0.8,1
line,fusion_id,3,5,2,7260,3,10,6859,6,5,7104,0.5,0.8,1,3,4,8,6350,6,8,7176,7,9,6755,0.5,0.8,1
line,fusion_id,3,5,6,6215,6,9,6440,4,3,6343,0.5,0.8,1,3,4,5,7795,6,9,6739,2,8,8924,0.5,0.8,1
line,fusion_id,3,9,11,7376,4,6,6336,2,5,7551,0.5,0.8,1,3,6,11,6488,6,10,8509,6,8,5968,0.5,0.8,1
line,fusion_id,3,6,11,7971,5,5,6723,5,7,7429,0.5,0.8,1,3,3,4,6837,6,4,7010,9,8,9013,0.5,0.8,1
line,fusion_id,3,6,8,6915,5,9,6193,6,8,7508,0.5,0.8,1,3,2,8,8244,8,14,6053,3,11,7259,0.5,0.8,1
line,fusion_id,3,5,3,6293,11,9,6854,8,8,6951,0.5,0.8,1,3,7,9,7016,2,9,7356,9,3,6405,0.5,0.8,1
line,fusion_id,3,5,5,7694,3,5,5217,6,14,7270,0.5,0.8,1,3,5,3,6934,3,5,7247,2,7,7785,0.5,0.8,1
line,fusion_id,3,5,6,6096,2,9,5903,7,8,5710,0.5,0.8,1,3,8,5,4959,9,9,6961,8,9,7740,0.5,0.8,1
line,fusion_id,3,4,4,5955,4,5,7404,9,8,9831,0.5,0.8,1,3,6,11,8463,7,8,6915,6,5,6622,0.5,0.8,1
line,fusion_id,3,8,7,6777,5,12,8607,4,6,6611,0.5,0.8,1,3,4,9,5680,6,2,8400,6,5,6621,0.5,0.8,1
line,fusion_id,3,6,6,6848,2,7,5696,4,7,7674,0.5,0.8,1,3,2,8,7088,5,6,4671,4,8,6003,0.5,0.8,1
line,fusion_id,3,3,8,7650,4,6,7626,3,6,8211,0.5,0.8,1,3,2,7,7155,2,6,6147,3,9,8291,0.5,0.8,1
line,fusion_id,3,2,7,8227,6,12,6253,4,8,5762,0.5,0.8,1,3,6,5,7888,6,5,7253,3,8,5977,0.5,0.8,1
line,fusion_id,3,4,9,8177,6,7,8400,6,3,8577,0.5,0.8,1,3,1,6,6627,4,5,6206,4,13,8070,0.5,0.8,1
line,fusion_id,3,0,7,6393,8,10,7570,2,11,7112,0.5,0.8,1,3,2,10,5254,4,9,6921,1,7,7327,0.5,0.8,1
line,fusion_id,3,10,9,5552,6,5,7730,4,7,8046,0.5,0.8,1,3,3,12,8486,3,8,6444,6,5,7525,0.5,0.8,1
line,fusion_id,3,6,12,5702,7,8,7505,8,5,5618,0.5,0.8,1,3,3,5,7237,3,9,7466,6,11,6859,0.5,0.8,1
line,fusion_id,3,13,11,9019,5,4,6746,4,8,7626,0.5,0.8,1,3,2,11,7556,4,3,5772,4,10,6837,0.5,0.8,1
line,fusion_id,3,3,6,7036,3,10,8597,6,10,6799,0.5,0.8,1,3,4,8,9297,3,8,5900,5,9,7349,0.5,0.8,1
line,fusion_id,3,6,5,8550,3,4,5469,6,6,6321,0.5,0.8,1,3,8,11,6310,7,11,7367,7,10,5973,0.5,0.8,1
line,fusion_id,3,4,9,9495,5,7,6395,9,11,6775,0.5,0.8,1,3,1,4,6865,2,10,7805,3,9,8196,0.5,0.8,1
line,fusion_id,3,5,9,7201,6,10,7587,9,5,6162,0.5,0.8,1,3,7,10,6131,3,9,6799,7,6,7351,0.5,0.8,1
line,fusion_id,3,3,16,6772,5,8,6481,6,5,6105,0.5,0.8,1,3,4,14,8112,2,5,7301,8,15,5461,0.5,0.8,1
line,fusion_id,3,5,15,5999,5,9,6943,5,3,8415,0.5,0.8,1,3,3,6,6667,9,11,6050,7,7,6939,0.5,0.8,1
line,fusion_id,3,2,7,5420,5,15,6768,8,10,5767,0.5,0.8,1,3,6,5,6616,6,8,6794,10,3,5886,0.5,0.8,1
line,fusion_id,3,5,5,7202,6,6,7487,3,5,6440,0.5,0.8,1,3,8,13,7399,3,8,6391,9,5,7531,0.5,0.8,1
line,fusion_id,3,1,3,7957,2,8,9109,3,9,6153,0.5,0.8,1,3,3,8,8219,2,10,6183,5,10,7811,0.5,0.8,1
line,fusion_id,3,4,4,6172,2,3,6418,4,3,5981,0.5,0.8,1,3,7,10,6375,6,8,6672,6,8,7337,0.5,0.8,1
line,fusion_id,3,3,7,6656,1,2,8115,4,6,6327,0.5,0.8,1,3,8,3,5911,4,10,6231,6,7,7222,0.5,0.8,1
line,fusion_id,3,6,3,6180,14,7,7938,3,9,6526,0.5,0.8,1,3,4,8,8438,5,6,6067,3,10,8659,0.5,0.8,1
line,fusion_id,3,4,8,7961,5,5,7737,4,7,7831,0.5,0.8,1,3,6,7,5944,7,11,6597,9,6,6108,0.5,0.8,1
line,fusion_id,3,6,9,7102,7,9,5730,8,7,7018,0.5,0.8,1,3,6,15,6824,4,5,7374,4,8,6658,0.5,0.8,1
line,fusion_id,3,4,10,7018,10,5,7014,5,14,8050,0.5,0.8,1,3,7,8,6165,4,7,6031,5,6,7655,0.5,0.8,1
line,fusion_id,3,4,8,6446,2,13,7616,11,16,6956,0.5,0.8,1,3,8,5,5580,4,8,7328,7,7,5889,0.5,0.8,1
line,fusion_id,3,10,7,6770,4,13,8107,4,3,7634,0.5,0.8,1,3,8,7,7016,7,10,5585,6,10,6147,0.5,0.8,1
line,fusion_id,3,4,12,5848,6,8,6824,5,11,6547,0.5,0.8,1,3,4,6,7342,2,9,7465,7,16,8911,0.5,0.8,1
line,fusion_id,3,1,8,6123,2,4,8512,4,6,6955,0.5,0.8,1,3,4,11,5920,10,4,8253,1,7,8252,0.5,0.8,1
line,fusion_id,3,3,3,7218,5,6,5222,5,7,6740,0.5,0.8,1,3,9,5,9400,4,13,5895,10,10,7515,0.5,0.8,1
line,fusion_id,3,3,7,7425,5,8,6260,5,12,5760,0.5,0.8,1,3,3,4,6011,7,12,5362,3,9,8611,0.5,0.8,1
line,fusion_id,3,2,9,7267,2,8,7947,4,8,6007,0.5,0.8,1,3,6,11,6619,5,7,6300,3,9,6930,0.5,0.8,1
line,fusion_id,3,6,11,6334,4,6,8591,5,5,6470,0.5,0.8,1,3,2,10,5754,6,6,8456,6,6,6486,0.5,0.8,1
line,fusion_id,3,9,7,6736,6,5,7983,7,17,8987,0.5,0.8,1,3,0,14,6643,8,6,6101,8,12,6562,0.5,0.8,1
line,fusion_id,3,5,11,5981,8,8,7789,5,6,6266,0.5,0.8,1,3,3,2,7497,4,12,7412,3,5,9087,0.5,0.8,1
line,fusion_id,3,6,6,7082,12,9,6594,9,6,6846,0.5,0.8,1,3,5,6,5751,7,8,7069,4,12,7025,0.5,0.8,1
line,fusion_id,3,3,9,6514,10,10,6068,6,14,7006,0.5,0.8,1,3,2,7,6998,1,10,7192,6,8,5601,0.5,0.8,1
line,fusion_id,3,2,9,9489,5,7,6406,5,5,5259,0.5,0.8,1,3,7,5,8147,5,8,7727,3,4,5148,0.5,0.8,1
line,fusion_id,3,3,3,6356,7,8,7666,2,13,5977,0.5,0.8,1,3,7,6,9411,9,10,6642,9,11,6073,0.5,0.8,1
line,fusion_id,3,6,4,7743,4,8,5359,2,11,7058,0.5,0.8,1,3,4,6,6828,6,9,6320,7,7,8117,0.5,0.8,1
line,fusion_id,3,5,10,8000,11,14,5927,5,18,7239,0.5,0.8,1,3,2,7,6914,1,10,7001,3,4,5935,0.5,0.8,1
line,fusion_id,3,4,4,7135,2,6,7752,9,10,6411,0.5,0.8,1,3,3,6,8404,13,7,7568,2,7,6107,0.5,0.8,1
line,fusion_id,3,7,3,8551,7,1,6750,9,6,8282,0.5,0.8,1,3,7,6,7674,4,10,6188,6,11,7434,0.5,0.8,1
line,fusion_id,3,12,10,8737,3,1,6235,6,13,7917,0.5,0.8,1,3,7,9,8240,5,3,6574,6,7,6957,0.5,0.8,1
line,fusion_id,3,4,11,8292,6,7,7022,3,4,5673,0.5,0.8,1,3,7,4,6477,6,11,7930,5,9,8194,0.5,0.8,1
line,fusion_id,3,3,8,7783,6,8,7684,8,7,5810,0.5,0.8,1,3,7,5,6295,3,10,6674,3,12,6622,0.5,0.8,1
line,fusion_id,3,5,6,7377,2,4,7468,6,9,7484,0.5,0.8,1,3,1,9,6540,6,5,6808,4,4,7157,0.5,0.8,1
line,fusion_id,3,5,8,7340,6,4,7233,3,3,5986,0.5,0.8,1,3,11,10,7727,3,5,6952,8,8,6547,0.5,0.8,1
line,fusion_id,3,2,5,6497,11,6,6756,4,3,6809,0.5,0.8,1,3,8,10,5636,4,0,6041,6,8,6620,0.5,0.8,1
line,fusion_id,3,7,4,7282,2,8,4645,6,6,6661,0.5,0.8,1,3,6,7,7160,6,8,9606,5,4,7532,0.5,0.8,1
line,fusion_id,3,1,4,5896,5,6,6521,6,7,7308,0.5,0.8,1,3,4,6,7775,8,10,6791,3,10,5954,0.5,0.8,1
line,fusion_id,3,4,8,8057,3,9,7847,3,7,6194,0.5,0.8,1,3,5,8,6004,5,7,8682,4,11,7012,0.5,0.8,1
line,fusion_id,3,6,6,7178,6,12,6491,8,5,6394,0.5,0.8,1,3,8,9,6295,4,9,5820,3,4,8352,0.5,0.8,1
line,fusion_id,3,3,6,7269,7,6,6792,3,4,8163,0.5,0.8,1,3,3,10,6996,6,12,8411,4,3,7081,0.5,0.8,1
line,fusion_id,3,4,11,8507,5,5,7092,7,6,6321,0.5,0.8,1,3,5,9,8063,4,7,4956,6,10,6764,0.5,0.8,1
line,fusion_id,3,6,9,5444,3,8,6733,1,7,7754,0.5,0.8,1,3,4,4,6010,9,9,6445,6,12,7182,0.5,0.8,1
line,fusion_id,3,5,9,7174,4,5,5113,4,8,6385,0.5,0.8,1,3,2,7,6783,4,5,7792,4,6,7610,0.5,0.8,1
line,fusion_id,3,5,10,7255,4,9,6550,1,5,7235,0.5,0.8,1,3,5,10,7161,4,9,7536,6,12,7164,0.5,0.8,1
line,fusion_id,3,7,5,10030,2,8,6096,5,6,7962,0.5,0.8,1,3,4,7,7639,6,4,6585,4,6,7373,0.5,0.8,1
line,fusion_id,3,7,11,8040,2,2,4656,6,11,7753,0.5,0.8,1,3,2,11,8620,11,3,6860,4,8,7083,0.5,0.8,1
line,fusion_id,3,4,10,7595,9,9,7979,7,10,8384,0.5,0.8,1,3,7,9,7216,5,8,7123,2,6,5900,0.5,0.8,1
line,fusion_id,3,5,11,5479,5,9,6726,4,12,7390,0.5,0.8,1,3,4,9,5868,3,13,7173,8,7,7712,0.5,0.8,1
line,fusion_id,3,4,10,8138,5,11,4949,7,9,7683,0.5,0.8,1,3,3,7,7895,4,8,8306,4,11,7046,0.5,0.8,1
line,fusion_id,3,10,7,7108,2,7,6563,10,7,7437,0.5,0.8,1,3,6,10,6275,5,6,6505,5,7,6894,0.5,0.8,1
line,fusion_id,3,5,8,6642,5,5,6781,6,14,9726,0.5,0.8,1,3,4,11,6664,8,8,7630,6,4,7057,0.5,0.8,1
line,fusion_id,3,3,11,8421,4,7,6543,2,7,6151,0.5,0.8,1,3,5,4,6738,7,9,9154,5,5,6915,0.5,0.8,1
line,fusion_id,3,5,5,7923,6,7,7307,2,8,6591,0.5,0.8,1,3,5,5,8398,9,10,7860,6,11,6936,0.5,0.8,1
line,fusion_id,3,6,9,7558,9,11,7728,12,14,6956,0.5,0.8,1,3,2,10,7098,5,11,6328,9,8,6908,0.5,0.8,1
line,fusion_id,3,6,10,6593,7,5,5510,5,5,6654,0.5,0.8,1,3,9,5,8173,5,7,5370,7,5,9247,0.5,0.8,1
line,fusion_id,3,4,9,7715,1,9,5587,2,9,6076,0.5,0.8,1,3,5,3,6633,3,4,8587,3,5,7383,0.5,0.8,1
line,fusion_id,3,5,9,5690,8,7,6044,6,9,6961,0.5,0.8,1,3,6,5,4914,2,14,7410,5,7,7119,0.5,0.8,1
line,fusion_id,3,6,11,6873,5,5,8105,4,9,7589,0.5,0.8,1,3,5,7,6558,2,9,5589,6,8,8101,0.5,0.8,1
line,fusion_id,3,5,9,5425,6,1,6136,8,5,8713,0.5,0.8,1,3,4,5,7039,5,12,6238,7,5,4894,0.5,0.8,1
line,fusion_id,3,4,9,5712,4,6,5325,3,5,6597,0.5,0.8,1,3,8,2,5999,6,5,5788,3,8,6078,0.5,0.8,1
line,fusion_id,3,5,14,6557,4,6,5474,6,6,7888,0.5,0.8,1,3,4,11,6202,8,11,7472,5,6,8649,0.5,0.8,1
line,fusion_id,3,5,5,6521,7,6,6447,2,13,6338,0.5,0.8,1,3,3,9,6442,8,8,5701,8,10,7750,0.5,0.8,1
line,fusion_id,3,6,5,6041,8,3,8173,4,9,5090,0.5,0.8,1,3,5,3,6704,5,11,7743,12,8,9721,0.5,0.8,1
line,fusion_id,3,6,14,6800,5,6,7454,5,8,6049,0.5,0.8,1,3,1,6,10385,10,7,10038,3,4,5997,0.5,0.8,1
line,fusion_id,3,6,13,7563,9,5,7549,2,6,8804,0.5,0.8,1,3,7,7,7455,7,12,7092,4,16,7764,0.5,0.8,1
line,fusion_id,3,5,5,9267,5,2,7955,4,18,7626,0.5,0.8,1,3,6,6,6665,4,10,6688,2,5,9533,0.5,0.8,1
line,fusion_id,3,2,5,6372,1,11,5011,2,3,7444,0.5,0.8,1,3,4,8,6950,3,11,7240,5,12,7705,0.5,0.8,1
line,fusion_id,3,4,8,7142,6,5,5630,4,4,6449,0.5,0.8,1,3,4,6,6909,6,13,5784,3,5,6431,0.5,0.8,1
line,fusion_id,3,2,9,6692,4,15,4757,4,10,6702,0.5,0.8,1,3,12,9,8356,3,8,8757,2,16,6000,0.5,0.8,1
line,fusion_id,3,8,9,7050,2,10,5382,7,5,7455,0.5,0.8,1,3,4,4,7191,3,9,8072,3,7,6098,0.5,0.8,1
line,fusion_id,3,6,5,7212,4,6,6563,6,13,5540,0.5,0.8,1,3,5,16,8749,3,5,6484,6,10,8255,0.5,0.8,1
line,fusion_id,3,2,8,7394,7,6,6600,7,8,5675,0.5,0.8,1,3,3,6,7754,10,5,6930,1,11,5681,0.5,0.8,1
line,fusion_id,3,5,11,7181,7,3,7569,1,10,6994,0.5,0.8,1,3,5,6,6521,6,7,6329,2,3,8198,0.5,0.8,1
line,fusion_id,3,5,10,5738,5,7,6259,1,9,6274,0.5,0.8,1,3,7,11,6529,3,10,6601,4,7,6848,0.5,0.8,1
line,fusion_id,3,3,3,6103,7,4,8358,5,7,6647,0.5,0.8,1,3,3,9,7402,5,10,5840,3,9,6581,0.5,0.8,1
line,fusion_id,3,9,7,5919,6,10,6109,4,4,8171,0.5,0.8,1,3,4,10,8871,0,8,7341,12,5,6157,0.5,0.8,1
line,fusion_id,3,6,12,6311,3,2,7862,6,3,6546,0.5,0.8,1,3,7,6,6660,7,8,6382,7,6,7307,0.5,0.8,1
line,fusion_id,3,6,7,6162,7,8,7221,2,11,6899,0.5,0.8,1,3,4,6,7248,5,9,7225,4,13,6511,0.5,0.8,1
line,fusion_id,3,4,1,6855,4,11,7683,1,5,6860,0.5,0.8,1,3,8,14,8157,4,8,7731,4,6,7123,0.5,0.8,1
line,fusion_id,3,5,6,6662,7,10,5162,3,5,7284,0.5,0.8,1,3,5,4,6882,4,8,6580,1,7,5781,0.5,0.8,1
line,fusion_id,3,5,7,7008,7,9,6044,7,14,8523,0.5,0.8,1,3,4,9,7338,7,9,6787,4,10,6240,0.5,0.8,1
line,fusion_id,3,5,4,7257,6,10,6861,4,10,6949,0.5,0.8,1,3,5,5,6074,3,3,7096,7,8,7464,0.5,0.8,1
line,fusion_id,3,2,10,6571,8,7,7819,2,6,7752,0.5,0.8,1,3,5,13,5312,3,9,7336,5,6,6608,0.5,0.8,1
line,fusion_id,3,5,5,5849,4,9,6584,3,8,7224,0.5,0.8,1,3,6,9,7346,10,7,5289,8,14,6099,0.5,0.8,1
line,fusion_id,3,5,6,6604,2,10,6592,7,9,6400,0.5,0.8,1,3,6,5,7062,4,5,7273,8,10,6063,0.5,0.8,1
line,fusion_id,3,6,8,6000,3,4,6515,4,9,9686,0.5,0.8,1,3,3,2,6380,5,7,5974,5,10,7945,0.5,0.8,1
line,fusion_id,3,6,10,7326,6,8,6425,6,8,7478,0.5,0.8,1,3,6,8,4722,4,5,7416,3,6,7346,0.5,0.8,1
line,fusion_id,3,11,3,4930,5,7,5524,4,11,6210,0.5,0.8,1,3,5,8,7233,6,9,6195,4,7,7265,0.5,0.8,1
line,fusion_id,3,5,3,6774,3,7,6518,5,6,9023,0.5,0.8,1,3,6,4,8391,10,5,7102,3,8,7462,0.5,0.8,1
line,fusion_id,3,1,15,8458,7,7,8163,1,5,6689,0.5,0.8,1,3,2,3,6845,4,6,8546,2,12,5861,0.5,0.8,1
line,fusion_id,3,5,8,5714,9,11,8114,5,11,6141,0.5,0.8,1,3,5,5,6076,5,2,6808,5,8,7717,0.5,0.8,1
line,fusion_id,3,3,6,6491,3,11,7667,8,5,7317,0.5,0.8,1,3,3,9,8716,4,6,7394,4,10,7516,0.5,0.8,1
line,fusion_id,3,2,6,6972,2,7,8202,6,12,8075,0.5,0.8,1,3,5,4,5148,3,10,9445,7,6,6463,0.5,0.8,1
line,fusion_id,3,3,15,7866,4,5,7847,6,4,5327,0.5,0.8,1,3,6,9,6100,7,6,6868,8,13,7773,0.5,0.8,1
line,fusion_id,3,5,8,6633,7,5,6568,5,11,4687,0.5,0.8,1,3,5,4,9389,2,6,6788,4,8,8404,0.5,0.8,1
line,fusion_id,3,3,9,6133,4,16,7668,5,5,7798,0.5,0.8,1,3,4,12,8542,5,4,5566,5,5,6527,0.5,0.8,1
line,fusion_id,3,8,8,6256,9,3,4721,1,10,7959,0.5,0.8,1,3,11,7,7106,4,9,6168,7,7,6210,0.5,0.8,1
line,fusion_id,3,7,10,7321,6,6,6897,5,11,6696,0.5,0.8,1,3,5,13,7701,9,8,7165,2,9,8345,0.5,0.8,1
line,fusion_id,3,3,10,4788,3,6,7835,4,11,8259,0.5,0.8,1,3,3,8,6746,1,9,6820,3,15,6337,0.5,0.8,1
line,fusion_id,3,1,15,8042,3,7,6633,6,11,4888,0.5,0.8,1,3,5,3,7292,3,6,7151,1,7,7552,0.5,0.8,1
line,fusion_id,3,5,10,6987,6,16,6416,2,10,6140,0.5,0.8,1,3,9,11,5170,2,8,6861,4,4,6791,0.5,0.8,1
line,fusion_id,3,8,7,6119,6,7,9199,3,9,6617,0.5,0.8,1,3,0,9,7874,4,6,6328,6,8,8269,0.5,0.8,1
line,fusion_id,3,4,15,6238,4,10,8304,5,11,6590,0.5,0.8,1,3,4,9,7456,9,9,6710,3,7,8791,0.5,0.8,1
line,fusion_id,3,5,7,7843,8,5,7858,5,6,6186,0.5,0.8,1,3,3,12,6863,5,8,6153,7,5,7439,0.5,0.8,1
line,fusion_id,3,6,6,6521,7,10,6527,6,10,7070,0.5,0.8,1,3,4,8,5958,6,11,7213,2,11,8064,0.5,0.8,1
line,fusion_id,3,8,14,8375,2,6,6162,4,7,8160,0.5,0.8,1,3,5,7,7577,5,8,6300,7,11,7345,0.5,0.8,1
line,fusion_id,3,11,7,7587,7,8,7054,5,8,5869,0.5,0.8,1,3,5,11,6544,6,10,5966,7,7,6432,0.5,0.8,1
line,fusion_id,3,3,14,8678,5,5,8975,7,6,7939,0.5,0.8,1,3,10,7,7550,2,12,8900,7,15,6801,0.5,0.8,1
line,fusion_id,3,3,5,7392,5,9,6628,8,7,4931,0.5,0.8,1,3,7,9,6791,3,8,7852,6,9,7142,0.5,0.8,1
line,fusion_id,3,1,6,7835,3,11,6269,0,6,8109,0.5,0.8,1,3,3,7,6885,9,6,6685,1,11,6811,0.5,0.8,1
line,fusion_id,3,2,4,6104,9,6,7721,5,7,8548,0.5,0.8,1,3,1,8,7577,6,11,7572,3,3,7092,0.5,0.8,1
line,fusion_id,3,4,12,8867,6,4,7763,3,11,7647,0.5,0.8,1,3,2,5,8129,4,10,5745,4,13,6984,0.5,0.8,1
line,fusion_id,3,7,6,6497,5,7,7169,4,5,6981,0.5,0.8,1,3,5,2,6583,3,4,7201,3,9,6800,0.5,0.8,1
line,fusion_id,3,6,6,9384,8,4,6619,9,3,6690,0.5,0.8,1,3,4,7,7396,4,5,7940,6,13,7939,0.5,0.8,1
line,fusion_id,3,1,6,5784,3,10,7233,1,9,7745,0.5,0.8,1,3,7,11,5235,5,9,6315,5,7,9097,0.5,0.8,1
line,fusion_id,3,3,7,7365,5,9,8408,5,12,6840,0.5,0.8,1,3,4,5,7338,6,11,5792,2,9,7456,0.5,0.8,1
line,fusion_id,3,2,14,5996,5,5,6597,6,2,5969,0.5,0.8,1,3,4,5,6404,4,8,6815,6,8,6098,0.5,0.8,1
line,fusion_id,3,9,8,6617,5,7,7401,7,5,7220,0.5,0.8,1,3,4,7,6873,6,6,6182,4,7,7159,0.5,0.8,1
line,fusion_id,3,4,7,6172,6,2,6900,4,13,9652,0.5,0.8,1,3,5,5,6916,6,9,6900,8,6,6238,0.5,0.8,1
line,fusion_id,3,5,6,6579,6,13,8118,5,11,6767,0.5,0.8,1,3,3,6,6313,3,8,6811,6,6,7085,0.5,0.8,1
line,fusion_id,3,5,4,6478,8,6,6595,4,6,7788,0.5,0.8,1,3,9,6,5549,4,8,6668,7,11,6882,0.5,0.8,1
line,fusion_id,3,2,8,6791,3,7,4308,4,7,8085,0.5,0.8,1,3,3,13,8270,8,7,7206,5,3,7134,0.5,0.8,1
line,fusion_id,3,2,8,4729,5,4,9182,6,6,8394,0.5,0.8,1,3,5,7,5948,3,5,7004,6,13,7016,0.5,0.8,1
line,fusion_id,3,4,10,6393,5,7,6855,4,9,7780,0.5,0.8,1,3,7,5,6145,5,10,8688,3,7,6839,0.5,0.8,1
line,fusion_id,3,6,7,7528,7,8,8129,4,7,7876,0.5,0.8,1,3,5,9,7565,6,12,8742,7,1,5672,0.5,0.8,1
line,fusion_id,3,4,12,6967,4,12,5837,5,14,5083,0.5,0.8,1,3,8,10,9033,3,6,6908,8,7,9161,0.5,0.8,1
line,fusion_id,3,2,3,7181,5,8,7035,7,9,5364,0.5,0.8,1,3,7,8,5401,2,4,7385,7,10,8365,0.5,0.8,1
line,fusion_id,3,8,5,7043,7,9,7062,8,9,7282,0.5,0.8,1,3,3,4,7183,2,8,7168,5,7,6455,0.5,0.8,1
line,fusion_id,3,3,3,6513,7,6,7419,11,8,6013,0.5,0.8,1,3,4,7,6884,2,11,6424,8,11,7259,0.5,0.8,1
line,fusion_id,3,4,9,6990,2,6,6844,5,13,8603,0.5,0.8,1,3,5,15,6126,5,9,5732,3,7,7148,0.5,0.8,1
line,fusion_id,3,5,6,6660,8,8,6754,8,9,8074,0.5,0.8,1,3,2,6,8810,6,5,8454,1,5,5914,0.5,0.8,1
line,fusion_id,3,4,14,6145,2,5,7518,6,7,5594,0.5,0.8,1,3,7,7,6849,1,10,6536,4,6,6552,0.5,0.8,1
line,fusion_id,3,4,8,5919,11,8,5867,5,6,7307,0.5,0.8,1,3,10,2,7031,7,10,7769,6,5,6742,0.5,0.8,1
line,fusion_id,3,9,8,6945,5,10,6482,5,11,6886,0.5,0.8,1,3,2,9,8205,0,11,6129,5,7,6565,0.5,0.8,1
line,fusion_id,3,4,16,7392,4,6,8614,9,9,6634,0.5,0.8,1,3,5,12,7385,2,2,6938,1,4,6732,0.5,0.8,1
line,fusion_id,3,8,11,4682,6,4,7035,4,7,7996,0.5,0.8,1,3,7,9,6504,2,9,7238,3,7,7138,0.5,0.8,1
line,fusion_id,3,10,4,6982,2,11,8438,4,6,8063,0.5,0.8,1,3,0,3,6637,7,7,7509,5,9,6691,0.5,0.8,1
line,fusion_id,3,7,4,7180,4,13,5474,5,8,6248,0.5,0.8,1,3,10,5,7202,7,7,8176,3,6,8042,0.5,0.8,1
line,fusion_id,3,5,5,8695,4,4,7294,3,10,6520,0.5,0.8,1,3,4,8,7994,5,9,5820,3,6,7544,0.5,0.8,1
line,fusion_id,3,5,8,7035,6,8,5963,3,10,9267,0.5,0.8,1,3,3,8,9680,4,10,5948,6,6,6353,0.5,0.8,1
line,fusion_id,3,3,5,6750,6,5,7320,6,4,8478,0.5,0.8,1,3,4,11,8335,4,7,7691,2,12,6363,0.5,0.8,1
line,fusion_id,3,5,6,6682,4,5,7909,1,6,7277,0.5,0.8,1,3,2,7,7434,2,10,8381,4,9,6242,0.5,0.8,1
line,fusion_id,3,8,10,6692,5,10,7255,6,4,7458,0.5,0.8,1,3,5,10,6074,4,7,5496,8,9,5369,0.5,0.8,1
line,fusion_id,3,5,11,6213,6,7,7304,5,11,6072,0.5,0.8,1,3,5,10,4522,6,9,6431,3,3,7401,0.5,0.8,1
line,fusion_id,3,3,8,6676,8,6,7442,3,6,7620,0.5,0.8,1,3,6,7,7030,10,9,6521,5,7,6682,0.5,0.8,1
line,fusion_id,3,2,3,6549,9,11,6205,11,16,5558,0.5,0.8,1,3,7,8,6848,6,9,7196,9,8,5801,0.5,0.8,1
line,fusion_id,3,5,8,6049,8,11,5056,0,7,7873,0.5,0.8,1,3,10,11,5284,6,4,7754,8,8,7855,0.5,0.8,1
line,fusion_id,3,3,3,8916,4,6,7338,7,13,6040,0.5,0.8,1,3,11,4,6343,6,9,6171,5,5,7284,0.5,0.8,1
line,fusion_id,3,6,7,6626,5,9,7675,4,6,6939,0.5,0.8,1,3,5,3,6542,8,7,6738,3,6,7830,0.5,0.8,1
line,fusion_id,3,7,8,8551,6,9,7825,4,6,6410,0.5,0.8,1,3,6,7,9260,2,9,6180,4,4,8442,0.5,0.8,1
line,fusion_id,3,4,7,6567,5,6,6560,2,10,7878,0.5,0.8,1,3,1,8,6493,5,9,8561,5,13,8214,0.5,0.8,1
line,fusion_id,3,3,8,6585,9,8,6555,6,9,7570,0.5,0.8,1,3,4,8,6656,7,9,6753,6,6,6704,0.5,0.8,1
line,fusion_id,3,3,10,7780,8,5,6187,3,10,7547,0.5,0.8,1,3,2,6,7021,8,6,6984,3,12,6705,0.5,0.8,1
line,fusion_id,3,3,7,5839,2,4,6643,5,12,8668,0.5,0.8,1,3,6,6,7308,3,8,6483,4,12,11083,0.5,0.8,1
line,fusion_id,3,2,3,8440,4,12,7699,6,7,7145,0.5,0.8,1,3,9,10,7032,3,12,5844,5,8,6258,0.5,0.8,1
line,fusion_id,3,4,7,7463,2,10,5387,5,12,6385,0.5,0.8,1,3,3,10,6110,4,8,8088,3,5,7757,0.5,0.8,1
line,fusion_id,3,4,9,6025,6,12,7456,8,11,6555,0.5,0.8,1,3,2,11,5943,3,9,7108,2,9,6813,0.5,0.8,1
line,fusion_id,3,7,7,7474,8,6,6513,6,7,7486,0.5,0.8,1,3,2,11,8326,1,9,6580,4,8,7424,0.5,0.8,1
line,fusion_id,3,5,6,6404,5,7,8709,9,9,7382,0.5,0.8,1,3,4,11,7037,3,5,6962,3,3,7008,0.5,0.8,1
line,fusion_id,3,8,9,7167,2,14,8059,6,10,7672,0.5,0.8,1,3,6,9,6889,4,9,7521,5,9,6499,0.5,0.8,1
line,fusion_id,3,9,8,7568,6,10,6429,4,10,6078,0.5,0.8,1,3,1,8,7407,5,6,5959,3,12,8382,0.5,0.8,1
line,fusion_id,3,6,10,7433,6,4,5375,5,6,6947,0.5,0.8,1,3,4,4,5758,1,5,5839,1,4,9473,0.5,0.8,1
line,fusion_id,3,2,11,5568,3,4,6569,2,15,6839,0.5,0.8,1,3,4,13,4789,4,8,7580,8,8,8068,0.5,0.8,1
line,fusion_id,3,6,11,6345,2,15,10687,5,8,5778,0.5,0.8,1,3,4,9,6244,4,10,8705,7,11,7870,0.5,0.8,1
line,fusion_id,3,3,12,7013,4,9,5818,10,11,5725,0.5,0.8,1,3,12,8,7517,5,4,6707,3,6,7115,0.5,0.8,1
line,fusion_id,3,8,6,6797,7,8,6882,8,8,7055,0.5,0.8,1,3,4,11,7388,6,5,6904,4,13,5995,0.5,0.8,1
line,fusion_id,3,5,9,9382,4,4,6893,3,7,7620,0.5,0.8,1,3,4,5,9088,1,11,7161,4,5,9235,0.5,0.8,1
line,fusion_id,3,4,11,5919,3,4,6398,8,8,7218,0.5,0.8,1,3,1,4,8292,7,13,6860,3,3,8314,0.5,0.8,1
line,fusion_id,3,5,12,9571,5,7,5663,4,7,7480,0.5,0.8,1,3,5,9,7093,5,7,8293,3,4,6503,0.5,0.8,1
line,fusion_id,3,5,15,8060,4,8,7773,4,9,5718,0.5,0.8,1,3,4,7,6626,4,5,6010,3,8,7566,0.5,0.8,1
line,fusion_id,3,7,14,8480,4,3,5072,9,5,8504,0.5,0.8,1,3,6,13,6998,3,6,7256,5,10,6701,0.5,0.8,1
line,fusion_id,3,2,5,6000,5,5,6627,6,9,9298,0.5,0.8,1,3,4,7,5958,10,2,8133,10,10,7456,0.5,0.8,1
line,fusion_id,3,3,17,6591,11,12,5331,5,19,8012,0.5,0.8,1,3,6,7,6272,6,7,7692,10,13,6034,0.5,0.8,1
line,fusion_id,3,2,6,8831,5,14,7389,6,6,7610,0.5,0.8,1,3,3,7,8907,3,9,7048,5,9,9312,0.5,0.8,1
line,fusion_id,3,2,6,6496,6,5,5353,7,15,6346,0.5,0.8,1,3,2,9,7037,11,9,7905,2,10,6235,0.5,0.8,1
line,fusion_id,3,8,9,7471,7,5,6807,5,9,5173,0.5,0.8,1,3,4,7,8244,1,5,6108,3,12,9098,0.5,0.8,1
line,fusion_id,3,6,5,6009,4,4,6083,5,11,8398,0.5,0.8,1,3,5,2,8146,4,10,7135,5,4,10132,0.5,0.8,1
line,fusion_id,3,4,6,6999,3,7,6150,2,7,7448,0.5,0.8,1,3,6,4,7191,5,4,7629,3,7,7236,0.5,0.8,1
line,fusion_id,3,4,5,7662,3,10,7309,1,9,6473,0.5,0.8,1,3,7,7,6621,1,5,8014,9,5,8364,0.5,0.8,1
line,fusion_id,3,2,12,9971,2,9,5980,4,10,7476,0.5,0.8,1,3,4,6,5592,9,9,6996,4,3,6905,0.5,0.8,1
line,fusion_id,3,4,8,5430,4,17,8447,5,10,6488,0.5,0.8,1,3,4,9,7704,4,11,7571,5,6,8317,0.5,0.8,1
line,fusion_id,3,4,7,6221,2,9,6341,7,7,5785,0.5,0.8,1,3,2,10,5969,6,8,8483,9,7,6657,0.5,0.8,1
line,fusion_id,3,5,9,7729,4,8,7463,2,6,6923,0.5,0.8,1,3,7,4,6768,4,5,6629,6,4,6408,0.5,0.8,1
line,fusion_id,3,4,13,7692,1,5,5509,6,9,6693,0.5,0.8,1,3,5,9,7737,10,6,7642,6,11,6916,0.5,0.8,1
line,fusion_id,3,6,10,7612,2,6,7758,5,5,7596,0.5,0.8,1,3,8,7,8929,4,13,4945,7,10,5974,0.5,0.8,1
line,fusion_id,3,4,9,7458,4,7,5452,1,14,6866,0.5,0.8,1,3,5,6,8719,9,8,6425,9,12,7638,0.5,0.8,1
line,fusion_id,3,4,8,7961,3,2,6509,7,14,8443,0.5,0.8,1,3,10,11,7666,5,10,7277,9,9,4417,0.5,0.8,1
line,fusion_id,3,3,5,7177,3,9,6943,7,12,6629,0.5,0.8,1,3,6,4,7366,5,2,7418,7,13,6542,0.5,0.8,1
line,fusion_id,3,6,6,8728,5,5,6711,5,6,6178,0.5,0.8,1,3,5,8,7689,7,8,6379,4,7,6356,0.5,0.8,1
line,fusion_id,3,3,9,6532,5,14,7970,2,6,7792,0.5,0.8,1,3,7,8,6407,5,5,7052,6,10,7589,0.5,0.8,1
line,fusion_id,3,6,16,10252,3,7,6474,3,13,7386,0.5,0.8,1,3,2,8,6037,5,7,6650,3,15,8519,0.5,0.8,1
line,fusion_id,3,9,9,5565,6,3,5653,6,7,7389,0.5,0.8,1,3,6,8,8636,6,13,6217,6,12,6199,0.5,0.8,1
line,fusion_id,3,5,3,6585,3,9,7126,5,8,6170,0.5,0.8,1,3,5,14,7282,4,11,5887,6,6,7761,0.5,0.8,1
line,fusion_id,3,3,7,6690,3,7,6928,5,10,8307,0.5,0.8,1,3,11,5,8026,6,13,6984,6,7,7313,0.5,0.8,1
line,fusion_id,3,4,6,5639,7,12,4891,7,3,7556,0.5,0.8,1,3,5,5,8823,3,14,7178,5,9,8254,0.5,0.8,1
line,fusion_id,3,6,3,6888,8,12,7152,11,6,8669,0.5,0.8,1,3,2,12,8231,1,6,7529,4,9,7718,0.5,0.8,1
line,fusion_id,3,1,8,5764,6,9,6844,2,7,6863,0.5,0.8,1,3,5,11,5781,8,13,8120,4,9,6306,0.5,0.8,1
line,fusion_id,3,3,7,6935,3,11,6390,6,9,9363,0.5,0.8,1,3,2,8,6879,1,12,6186,6,6,8751,0.5,0.8,1
line,fusion_id,3,5,6,6791,8,8,7585,8,4,5050,0.5,0.8,1,3,10,8,10546,6,7,6657,2,7,6020,0.5,0.8,1
line,fusion_id,3,6,5,7264,5,7,7952,5,9,6691,0.5,0.8,1,3,6,8,5584,1,11,8025,1,13,7223,0.5,0.8,1
line,fusion_id,3,5,8,6425,3,11,6086,5,9,6667,0.5,0.8,1,3,5,8,6541,10,8,7820,3,8,6483,0.5,0.8,1
line,fusion_id,3,8,9,5551,4,2,5308,6,6,6306,0.5,0.8,1,3,4,6,6695,2,5,7901,2,11,6672,0.5,0.8,1
line,fusion_id,3,4,8,8124,10,6,6565,6,4,7056,0.5,0.8,1,3,6,6,5693,5,7,6808,3,4,7037,0.5,0.8,1
line,fusion_id,3,4,9,6933,4,4,6771,4,8,7358,0.5,0.8,1,3,12,7,6211,6,10,8497,3,8,4913,0.5,0.8,1
line,fusion_id,3,2,7,6739,7,8,6212,2,6,7129,0.5,0.8,1,3,5,6,6788,4,9,7625,8,8,7758,0.5,0.8,1
line,fusion_id,3,3,12,9669,3,10,6679,5,9,8134,0.5,0.8,1,3,3,5,6397,5,13,8977,3,9,7091,0.5,0.8,1
line,fusion_id,3,4,10,6509,2,6,6842,2,6,8242,0.5,0.8,1,3,5,6,6967,3,5,8383,7,9,6412,0.5,0.8,1
line,fusion_id,3,5,6,8071,7,3,8076,6,2,6028,0.5,0.8,1,3,5,9,7612,4,8,8092,3,11,7017,0.5,0.8,1
line,fusion_id,3,5,10,5680,7,8,8350,3,13,4631,0.5,0.8,1,3,7,12,6519,5,8,8110,6,8,6021,0.5,0.8,1
line,fusion_id,3,5,9,7784,5,8,5867,4,10,7145,0.5,0.8,1,3,2,9,6756,7,10,6512,4,8,8117,0.5,0.8,1
line,fusion_id,3,10,11,8203,7,8,7489,7,2,7928,0.5,0.8,1,3,7,8,5789,7,7,7342,4,3,6151,0.5,0.8,1
line,fusion_id,3,5,13,9240,3,11,6776,4,8,7687,0.5,0.8,1,3,9,8,7154,3,5,7707,7,6,7099,0.5,0.8,1
line,fusion_id,3,3,10,9030,8,7,7130,4,6,6774,0.5,0.8,1,3,2,8,9623,8,6,6239,6,9,7112,0.5,0.8,1
line,fusion_id,3,4,11,8521,8,9,6735,2,9,8084,0.5,0.8,1,3,4,6,6940,6,8,6190,5,12,5353,0.5,0.8,1
line,fusion_id,3,5,6,6856,5,6,7279,1,5,5866,0.5,0.8,1,3,1,15,7059,5,8,6834,8,5,5475,0.5,0.8,1
line,fusion_id,3,6,7,9006,3,5,8406,2,8,7707,0.5,0.8,1,3,9,11,5705,6,3,7082,7,10,7886,0.5,0.8,1
line,fusion_id,3,11,7,6999,3,12,7150,6,4,7625,0.5,0.8,1,3,11,10,6624,3,7,5485,8,8,7443,0.5,0.8,1
line,fusion_id,3,8,8,6434,3,4,7731,6,7,4974,0.5,0.8,1,3,3,4,8516,1,8,8004,4,15,7777,0.5,0.8,1
line,fusion_id,3,4,8,7539,2,12,7771,5,5,7380,0.5,0.8,1,3,2,10,6714,5,13,7458,5,7,6637,0.5,0.8,1
line,fusion_id,3,4,6,6346,11,13,6484,7,13,7666,0.5,0.8,1,3,3,4,7355,7,3,7624,3,10,8178,0.5,0.8,1
line,fusion_id,3,4,15,6719,7,8,6802,4,7,5127,0.5,0.8,1,3,4,6,6291,3,9,5327,2,8,7545,0.5,0.8,1
line,fusion_id,3,7,2,6696,4,11,6705,6,5,5669,0.5,0.8,1,3,4,9,6974,3,10,7593,10,6,6403,0.5,0.8,1
line,fusion_id,3,2,9,7238,7,11,8177,9,12,6751,0.5,0.8,1,3,9,6,7557,6,9,7398,3,10,8100,0.5,0.8,1
line,fusion_id,3,6,11,6616,8,9,6553,4,12,7209,0.5,0.8,1,3,1,12,5493,3,6,9588,2,8,6564,0.5,0.8,1
line,fusion_id,3,7,8,8311,4,6,5690,0,9,6889,0.5,0.8,1,3,2,5,6578,6,13,6589,3,9,6671,0.5,0.8,1
line,fusion_id,3,6,12,9200,9,11,7307,9,4,6833,0.5,0.8,1,3,2,3,6722,4,4,7919,5,9,5169,0.5,0.8,1
line,fusion_id,3,8,18,8585,1,6,6729,4,11,6754,0.5,0.8,1,3,8,8,6313,4,6,6040,2,7,7529,0.5,0.8,1
line,fusion_id,3,8,11,6520,2,5,7059,5,8,6899,0.5,0.8,1,3,3,11,7065,7,8,7622,5,2,5294,0.5,0.8,1
line,fusion_id,3,2,8,7980,6,8,7601,6,3,6744,0.5,0.8,1,3,5,6,8818,6,7,6185,3,5,7047,0.5,0.8,1
line,fusion_id,3,5,14,6240,4,10,7772,3,8,7647,0.5,0.8,1,3,5,10,8136,3,11,6868,6,12,7543,0.5,0.8,1
line,fusion_id,3,1,7,5107,4,12,5725,4,13,7650,0.5,0.8,1,3,6,7,5834,6,7,7096,4,4,5584,0.5,0.8,1
line,fusion_id,3,3,7,5697,4,11,7626,5,5,7509,0.5,0.8,1,3,7,2,8528,1,6,6921,4,8,6442,0.5,0.8,1
line,fusion_id,3,5,6,5523,1,9,5986,5,3,6658,0.5,0.8,1,3,2,8,5705,5,12,8037,5,10,5240,0.5,0.8,1
line,fusion_id,3,8,7,6585,7,7,6685,9,10,7108,0.5,0.8,1,3,5,8,6190,3,9,8868,6,8,6600,0.5,0.8,1
line,fusion_id,3,5,3,9478,3,6,7112,1,6,6537,0.5,0.8,1,3,4,6,6310,3,7,6814,7,7,8237,0.5,0.8,1
line,fusion_id,3,9,10,8177,12,8,6353,7,11,7666,0.5,0.8,1,3,8,2,6002,6,6,7633,5,3,5896,0.5,0.8,1
line,fusion_id,3,3,8,6018,1,10,7301,2,4,6973,0.5,0.8,1,3,3,7,7174,4,14,6762,10,7,7115,0.5,0.8,1
line,fusion_id,3,4,6,6659,5,5,7922,8,6,8471,0.5,0.8,1,3,5,6,6827,5,9,6135,8,16,4435,0.5,0.8,1
line,fusion_id,3,9,11,7207,5,6,6493,6,9,6166,0.5,0.8,1,3,2,5,6674,1,5,5667,2,9,5526,0.5,0.8,1
line,fusion_id,3,2,6,7315,8,6,7289,5,8,6543,0.5,0.8,1,3,6,11,7398,5,9,8493,5,12,5521,0.5,0.8,1
line,fusion_id,3,6,1,8097,7,8,8429,4,11,7757,0.5,0.8,1,3,5,11,7484,4,9,7237,6,8,5967,0.5,0.8,1
line,fusion_id,3,2,13,7249,5,4,6092,4,10,7626,0.5,0.8,1,3,10,10,6704,7,9,7154,7,5,6740,0.5,0.8,1
line,fusion_id,3,5,8,7926,8,8,7639,5,11,6455,0.5,0.8,1,3,3,5,5398,8,6,6735,3,11,6984,0.5,0.8,1
line,fusion_id,3,3,7,6008,3,12,4593,1,8,6374,0.5,0.8,1,3,7,10,5709,6,10,8651,6,7,7945,0.5,0.8,1
line,fusion_id,3,2,9,7243,9,14,8820,8,11,6886,0.5,0.8,1,3,6,3,6539,5,4,7173,3,8,9984,0.5,0.8,1
line,fusion_id,3,8,8,5625,4,2,4560,5,8,5948,0.5,0.8,1,3,9,13,6895,8,8,6981,0,10,6943,0.5,0.8,1
line,fusion_id,3,5,4,6274,2,11,5066,8,9,6223,0.5,0.8,1,3,5,5,5680,5,16,5971,4,8,7608,0.5,0.8,1
line,fusion_id,3,4,5,5752,2,9,6030,5,8,5798,0.5,0.8,1,3,2,5,7191,4,5,8628,6,8,7810,0.5,0.8,1
line,fusion_id,3,7,7,5266,7,9,7488,5,5,6991,0.5,0.8,1,3,4,12,9419,3,8,6385,4,4,8501,0.5,0.8,1
line,fusion_id,3,3,6,7045,6,5,7187,4,11,6924,0.5,0.8,1,3,7,14,6175,2,7,7203,4,5,7039,0.5,0.8,1
line,fusion_id,3,3,8,7891,6,9,8015,4,10,6838,0.5,0.8,1,3,4,13,5111,9,6,6443,6,13,6432,0.5,0.8,1
line,fusion_id,3,8,5,7198,4,9,7562,7,8,7102,0.5,0.8,1,3,3,14,6644,6,12,6996,5,13,6302,0.5,0.8,1
line,fusion_id,3,6,4,5986,2,8,6455,6,5,7009,0.5,0.8,1,3,4,2,8021,9,7,6872,6,12,7077,0.5,0.8,1
line,fusion_id,3,2,3,8599,3,12,7266,8,10,5955,0.5,0.8,1,3,5,9,7168,2,7,6770,9,11,6918,0.5,0.8,1
line,fusion_id,3,5,11,9425,2,8,6161,7,5,5882,0.5,0.8,1,3,7,10,6732,4,14,6633,4,14,6673,0.5,0.8,1
line,fusion_id,3,4,9,8434,7,12,7186,4,6,5058,0.5,0.8,1,3,6,8,8665,10,10,5714,3,9,6820,0.5,0.8,1
line,fusion_id,3,4,9,7269,2,7,8671,7,4,7812,0.5,0.8,1,3,4,7,7041,4,4,6835,6,15,8612,0.5,0.8,1
line,fusion_id,3,6,9,7218,7,9,6927,2,9,4727,0.5,0.8,1,3,3,8,6435,5,5,8701,5,6,7444,0.5,0.8,1
line,fusion_id,3,4,8,6009,6,13,6673,7,6,6001,0.5,0.8,1,3,6,3,7405,8,10,7725,5,6,7010,0.5,0.8,1
line,fusion_id,3,4,5,6531,3,8,7543,4,10,7360,0.5,0.8,1,3,6,6,6202,7,8,6829,4,11,5465,0.5,0.8,1
line,fusion_id,3,2,8,7954,8,5,5974,2,8,7126,0.5,0.8,1,3,4,12,7237,4,10,10683,7,11,7536,0.5,0.8,1
line,fusion_id,3,6,6,6904,6,6,9271,2,11,6367,0.5,0.8,1,3,8,9,5693,5,10,6767,8,5,7090,0.5,0.8,1
line,fusion_id,3,3,5,7453,5,8,5925,8,5,5490,0.5,0.8,1,3,6,7,8425,4,8,5559,4,8,5144,0.5,0.8,1
line,fusion_id,3,6,9,8190,4,8,6401,6,8,7208,0.5,0.8,1,3,4,9,6125,7,10,7502,4,12,7350,0.5,0.8,1
line,fusion_id,3,7,9,6971,6,10,8149,5,10,5837,0.5,0.8,1,3,4,4,8727,4,8,7782,6,7,5128,0.5,0.8,1
line,fusion_id,3,8,6,8412,7,11,8140,9,7,7117,0.5,0.8,1,3,6,11,6648,3,4,5749,5,6,9735,0.5,0.8,1
line,fusion_id,3,4,5,5816,8,2,5389,1,12,6436,0.5,0.8,1,3,7,11,7391,4,4,4897,2,7,8031,0.5,0.8,1
line,fusion_id,3,6,6,8143,3,7,9005,4,11,8375,0.5,0.8,1,3,5,2,5840,8,4,6260,3,6,6495,0.5,0.8,1
line,fusion_id,3,1,10,8840,3,5,6154,7,10,7831,0.5,0.8,1,3,3,10,6780,3,6,5422,5,6,7887,0.5,0.8,1
line,fusion_id,3,5,6,7394,8,10,7018,5,8,8601,0.5,0.8,1,3,4,9,7355,8,6,9769,6,10,6880,0.5,0.8,1
line,fusion_id,3,6,9,5797,7,12,8422,3,7,7024,0.5,0.8,1,3,1,5,7754,6,5,8101,2,10,5881,0.5,0.8,1
line,fusion_id,3,5,5,5175,5,5,6956,5,2,5619,0.5,0.8,1,3,3,5,6735,7,9,7368,3,9,8007,0.5,0.8,1
line,fusion_id,3,3,6,7374,6,8,7126,8,11,8040,0.5,0.8,1,3,5,11,7934,3,9,6044,4,9,6246,0.5,0.8,1
line,fusion_id,3,4,13,6516,7,6,5823,7,13,6492,0.5,0.8,1,3,3,6,7671,8,14,4960,7,5,6370,0.5,0.8,1
line,fusion_id,3,9,5,6852,11,10,7824,6,7,6081,0.5,0.8,1,3,5,6,7602,7,11,8846,4,7,8872,0.5,0.8,1
line,fusion_id,3,9,10,5966,2,3,7561,5,5,5348,0.5,0.8,1,3,6,13,8256,7,7,5642,4,8,6203,0.5,0.8,1
line,fusion_id,3,7,7,6280,3,2,7125,3,11,6001,0.5,0.8,1,3,6,11,5370,5,10,8014,6,10,6816,0.5,0.8,1
line,fusion_id,3,5,5,6230,3,8,6738,7,12,8576,0.5,0.8,1,3,4,6,6401,6,3,7797,4,8,8370,0.5,0.8,1
line,fusion_id,3,3,12,5423,7,6,5809,3,12,9739,0.5,0.8,1,3,6,6,6777,3,6,5712,1,11,6453,0.5,0.8,1
line,fusion_id,3,6,8,8260,4,7,5742,5,8,7789,0.5,0.8,1,3,7,9,6661,2,9,6683,7,10,6789,0.5,0.8,1
line,fusion_id,3,3,4,7790,3,14,6441,2,8,6028,0.5,0.8,1,3,9,8,7191,8,7,7624,4,14,6318,0.5,0.8,1
line,fusion_id,3,3,6,7781,8,6,7451,3,8,6108,0.5,0.8,1,3,3,3,9142,7,8,6013,8,2,7092,0.5,0.8,1
line,fusion_id,3,8,5,7015,7,8,5233,6,2,7326,0.5,0.8,1,3,3,9,7452,6,6,6496,5,8,7624,0.5,0.8,1
line,fusion_id,3,4,5,6220,7,7,6158,6,8,6642,0.5,0.8,1,3,7,13,7350,4,10,6494,10,14,8699,0.5,0.8,1
line,fusion_id,3,5,2,8218,2,10,7068,6,6,8322,0.5,0.8,1,3,3,9,6172,6,8,10254,5,12,6588,0.5,0.8,1
line,fusion_id,3,7,5,7030,6,6,9637,5,5,7347,0.5,0.8,1,3,2,7,7068,5,4,5139,2,1,6299,0.5,0.8,1
line,fusion_id,3,3,6,7064,4,3,6438,4,9,6846,0.5,0.8,1,3,7,13,6639,9,4,7082,9,9,9238,0.5,0.8,1
line,fusion_id,3,6,15,6496,4,6,6299,4,7,7517,0.5,0.8,1,3,5,10,8266,5,8,6257,3,14,5143,0.5,0.8,1
line,fusion_id,3,5,7,7783,6,11,7109,5,8,7389,0.5,0.8,1,3,11,5,6680,2,9,5789,5,8,6703,0.5,0.8,1
line,fusion_id,3,8,8,6837,3,9,8991,5,7,7337,0.5,0.8,1,3,7,8,7046,9,6,5679,7,6,5790,0.5,0.8,1
line,fusion_id,3,4,8,7492,3,4,6215,3,10,8904,0.5,0.8,1,3,6,6,7900,2,6,7574,7,8,8309,0.5,0.8,1
line,fusion_id,3,5,7,7104,3,9,7347,4,9,6351,0.5,0.8,1,3,8,11,5957,5,6,6963,13,4,8325,0.5,0.8,1
line,fusion_id,3,6,7,7656,2,4,6274,9,7,7258,0.5,0.8,1,3,5,8,8284,6,11,7098,4,6,6828,0.5,0.8,1
line,fusion_id,3,7,8,7616,7,8,6621,6,8,8213,0.5,0.8,1,3,4,9,7316,7,16,7888,6,17,5628,0.5,0.8,1
line,fusion_id,3,6,10,5951,5,10,6743,3,12,9058,0.5,0.8,1,3,6,7,8042,4,5,7673,4,5,8141,0.5,0.8,1
line,fusion_id,3,5,7,6861,7,4,6732,6,6,8068,0.5,0.8,1,3,6,10,8798,4,4,7332,7,4,5795,0.5,0.8,1
line,fusion_id,3,3,6,8188,7,15,6473,5,8,5821,0.5,0.8,1,3,9,7,6774,5,8,6074,3,11,6636,0.5,0.8,1
line,fusion_id,3,4,7,7714,4,10,9481,1,9,7328,0.5,0.8,1,3,2,8,7097,8,9,7449,3,3,7254,0.5,0.8,1
line,fusion_id,3,5,4,6412,6,4,5985,4,9,7886,0.5,0.8,1,3,2,3,7674,2,6,7966,8,4,6560,0.5,0.8,1
line,fusion_id,3,3,10,7062,5,8,6664,3,7,7026,0.5,0.8,1,3,6,4,6607,6,9,7037,5,5,7579,0.5,0.8,1
line,fusion_id,3,4,14,6873,9,11,7621,6,12,7315,0.5,0.8,1,3,11,5,6292,3,7,6508,4,4,7026,0.5,0.8,1
line,fusion_id,3,2,5,5432,5,6,7303,7,9,6899,0.5,0.8,1,3,3,10,6242,8,9,7032,5,13,7078,0.5,0.8,1
line,fusion_id,3,4,10,6006,5,6,7470,10,5,8145,0.5,0.8,1,3,3,4,9583,7,3,5778,8,5,8620,0.5,0.8,1
line,fusion_id,3,3,7,6426,0,9,5299,3,7,7201,0.5,0.8,1,3,9,6,7358,5,13,6699,4,6,7156,0.5,0.8,1
line,fusion_id,3,5,6,7783,4,2,7856,5,11,7585,0.5,0.8,1,3,7,11,7777,4,8,6929,6,7,7625,0.5,0.8,1
line,fusion_id,3,10,10,8194,3,11,6776,7,12,9051,0.5,0.8,1,3,9,6,5404,3,17,6382,5,5,8136,0.5,0.8,1
line,fusion_id,3,5,10,6890,4,8,6755,4,10,7183,0.5,0.8,1,3,1,9,6643,5,14,6164,3,3,6455,0.5,0.8,1
line,fusion_id,3,10,8,6390,4,4,7374,8,5,7314,0.5,0.8,1,3,5,10,7262,6,7,7119,7,5,6340,0.5,0.8,1
line,fusion_id,3,4,5,6822,4,3,7641,5,11,7088,0.5,0.8,1,3,6,16,6656,8,10,6709,2,12,6362,0.5,0.8,1
line,fusion_id,3,3,8,9239,3,5,8760,5,11,7343,0.5,0.8,1,3,5,12,8054,3,7,6667,6,11,8099,0.5,0.8,1
line,fusion_id,3,5,7,7984,6,14,6976,5,9,6822,0.5,0.8,1,3,3,6,6934,4,11,7731,1,6,6021,0.5,0.8,1
line,fusion_id,3,11,8,6984,1,12,7127,1,8,6820,0.5,0.8,1,3,2,7,5112,2,9,8412,6,10,6935,0.5,0.8,1
line,fusion_id,3,6,6,6246,4,8,6124,4,11,6722,0.5,0.8,1,3,10,12,6187,5,7,7751,1,11,7967,0.5,0.8,1
line,fusion_id,3,11,5,6666,9,5,8482,6,7,7632,0.5,0.8,1,3,10,6,7019,5,10,6253,3,10,8237,0.5,0.8,1
line,fusion_id,3,5,6,7685,6,6,6817,2,6,7000,0.5,0.8,1,3,12,13,8154,3,5,6144,4,4,5705,0.5,0.8,1
line,fusion_id,3,2,5,7071,4,6,6681,8,9,7199,0.5,0.8,1,3,1,5,8019,7,8,7364,5,9,5485,0.5,0.8,1
line,fusion_id,3,9,3,6402,6,9,8173,2,5,8152,0.5,0.8,1,3,3,11,7174,4,6,6200,3,8,8486,0.5,0.8,1
line,fusion_id,3,5,5,7004,5,8,7094,1,8,6836,0.5,0.8,1,3,5,10,5471,4,3,7209,5,6,5891,0.5,0.8,1
line,fusion_id,3,4,9,6399,8,15,5515,4,9,7513,0.5,0.8,1,3,4,10,6785,1,3,7391,6,7,7101,0.5,0.8,1
line,fusion_id,3,3,12,7155,1,4,6828,5,11,7138,0.5,0.8,1,3,3,8,7006,5,10,7963,5,9,8303,0.5,0.8,1
line,fusion_id,3,7,11,7658,6,8,7409,5,4,5891,0.5,0.8,1,3,9,7,7678,6,6,6953,7,9,6622,0.5,0.8,1
line,fusion_id,3,7,7,7055,1,6,7140,5,12,6286,0.5,0.8,1,3,3,7,6452,7,8,6298,4,5,6303,0.5,0.8,1
line,fusion_id,3,8,10,6244,4,7,8229,6,7,7825,0.5,0.8,1,3,8,10,8212,8,7,7320,5,8,5980,0.5,0.8,1
line,fusion_id,3,5,3,7028,2,9,5336,2,8,6945,0.5,0.8,1,3,3,7,7499,6,8,6419,12,11,6224,0.5,0.8,1
line,fusion_id,3,4,7,7958,6,5,7480,4,3,6917,0.5,0.8,1,3,4,9,7383,1,3,6510,6,7,6410,0.5,0.8,1
line,fusion_id,3,3,9,7836,2,8,4927,2,4,6680,0.5,0.8,1,3,8,10,5913,11,6,7093,4,6,8753,0.5,0.8,1
line,fusion_id,3,4,3,5254,4,13,6818,3,10,7389,0.5,0.8,1,3,3,5,7854,6,17,6955,6,8,7770,0.5,0.8,1
line,fusion_id,3,3,14,7667,7,8,6503,1,9,6100,0.5,0.8,1,3,2,10,6877,3,14,8715,4,12,6750,0.5,0.8,1
line,fusion_id,3,4,8,5962,9,7,7593,7,4,6533,0.5,0.8,1,3,8,8,6244,4,6,5668,3,6,7951,0.5,0.8,1
line,fusion_id,3,2,8,8722,6,8,8255,3,2,6859,0.5,0.8,1,3,7,6,7352,5,8,6265,4,4,9065,0.5,0.8,1
line,fusion_id,3,6,11,6483,4,6,7703,6,7,7331,0.5,0.8,1,3,9,7,6796,3,5,7966,5,9,6999,0.5,0.8,1
line,fusion_id,3,5,4,8474,4,6,7080,4,7,6657,0.5,0.8,1,3,3,8,7438,5,9,9549,5,5,7142,0.5,0.8,1
line,fusion_id,3,9,10,7224,4,5,7187,5,9,5898,0.5,0.8,1,3,4,9,6875,6,4,8036,3,9,6990,0.5,0.8,1
line,fusion_id,3,6,6,8521,7,10,8282,5,11,6216,0.5,0.8,1,3,2,4,6725,6,13,5712,2,14,6027,0.5,0.8,1
line,fusion_id,3,9,12,7576,8,7,6065,5,6,6656,0.5,0.8,1,3,5,8,7139,4,1,6232,8,6,7616,0.5,0.8,1
line,fusion_id,3,0,5,7517,9,10,5673,10,7,6687,0.5,0.8,1,3,11,6,6642,3,5,7733,4,3,6174,0.5,0.8,1
line,fusion_id,3,9,3,7065,8,14,6431,5,6,8036,0.5,0.8,1,3,4,9,8025,8,6,7682,6,12,8341,0.5,0.8,1
line,fusion_id,3,3,7,5667,6,10,7686,4,6,7863,0.5,0.8,1,3,6,7,5060,2,6,7846,5,3,6832,0.5,0.8,1
line,fusion_id,3,5,7,6379,4,8,6706,2,9,6308,0.5,0.8,1,3,3,4,7792,5,5,6507,4,11,8970,0.5,0.8,1
line,fusion_id,3,1,7,7470,9,4,7526,6,6,5651,0.5,0.8,1,3,5,8,6946,8,7,5697,6,8,6865,0.5,0.8,1
line,fusion_id,3,5,14,6818,8,11,7141,2,7,7090,0.5,0.8,1,3,3,6,5545,6,12,7791,6,9,7323,0.5,0.8,1
line,fusion_id,3,3,10,7367,5,4,7912,6,9,7653,0.5,0.8,1,3,6,10,6640,6,13,6976,3,9,8378,0.5,0.8,1
line,fusion_id,3,2,12,7167,2,7,7633,4,10,6694,0.5,0.8,1,3,6,11,5859,8,12,7234,5,8,7677,0.5,0.8,1
line,fusion_id,3,6,10,6566,3,5,5522,2,15,8047,0.5,0.8,1,3,1,7,9544,4,9,5776,5,11,6700,0.5,0.8,1
line,fusion_id,3,5,6,8273,5,7,8676,1,8,4795,0.5,0.8,1,3,5,8,8390,6,8,6807,9,13,7046,0.5,0.8,1
line,fusion_id,3,5,8,7276,2,4,7023,4,14,6021,0.5,0.8,1,3,6,14,6524,3,9,7754,5,7,6467,0.5,0.8,1
line,fusion_id,3,4,6,5929,5,4,5842,5,10,6418,0.5,0.8,1,3,3,7,6187,9,9,6840,8,7,7387,0.5,0.8,1
line,fusion_id,3,6,4,5949,5,9,7897,3,5,6286,0.5,0.8,1,3,4,10,7056,2,12,7608,2,11,7641,0.5,0.8,1
line,fusion_id,3,7,5,7810,8,5,5297,13,6,5763,0.5,0.8,1,3,6,5,8242,4,7,6946,13,7,7879,0.5,0.8,1
line,fusion_id,3,10,4,5671,4,6,5663,1,6,7832,0.5,0.8,1,3,3,12,8607,7,10,6191,3,2,8208,0.5,0.8,1
line,fusion_id,3,6,8,6807,9,7,7345,4,8,8865,0.5,0.8,1,3,3,3,6413,2,5,5921,3,10,6982,0.5,0.8,1
line,fusion_id,3,2,8,4731,5,7,7213,4,9,8340,0.5,0.8,1,3,7,3,6928,9,3,7057,10,13,8582,0.5,0.8,1
line,fusion_id,3,5,6,9485,4,9,8544,8,7,6079,0.5,0.8,1,3,4,13,7699,2,8,6274,7,11,7925,0.5,0.8,1
line,fusion_id,3,4,8,5279,2,13,6529,4,5,7126,0.5,0.8,1,3,4,8,7260,6,11,7031,5,10,7405,0.5,0.8,1
line,fusion_id,3,3,6,6501,4,11,8031,4,11,8191,0.5,0.8,1,3,4,12,7749,7,12,5377,7,8,7263,0.5,0.8,1
line,fusion_id,3,4,13,6427,3,6,7167,5,13,7039,0.5,0.8,1,3,8,13,6540,5,8,7966,7,5,7735,0.5,0.8,1
line,fusion_id,3,2,6,6779,6,11,9996,7,22,6474,0.5,0.8,1,3,6,3,6440,2,11,5730,3,6,6393,0.5,0.8,1
line,fusion_id,3,6,6,5445,2,6,7468,11,9,7380,0.5,0.8,1,3,4,6,8138,6,9,6424,4,4,8702,0.5,0.8,1
line,fusion_id,3,5,15,5855,4,9,5841,7,6,6018,0.5,0.8,1,3,9,12,7233,3,6,6006,5,8,6637,0.5,0.8,1
line,fusion_id,3,1,5,7338,4,6,6534,0,9,4713,0.5,0.8,1,3,7,8,8987,4,12,6103,3,9,5153,0.5,0.8,1
line,fusion_id,3,7,10,7269,2,8,8192,7,6,6520,0.5,0.8,1,3,7,5,8515,7,9,6532,3,8,6765,0.5,0.8,1
line,fusion_id,3,6,7,5930,4,6,7004,4,4,7221,0.5,0.8,1,3,3,7,6432,4,7,7225,5,7,6061,0.5,0.8,1
line,fusion_id,3,4,9,7255,3,11,9192,1,5,5845,0.5,0.8,1,3,5,4,5799,3,13,7874,1,11,8741,0.5,0.8,1
line,fusion_id,3,2,11,7172,7,4,6468,5,13,6843,0.5,0.8,1,3,7,8,8279,4,3,5186,3,3,5737,0.5,0.8,1
line,fusion_id,3,4,11,8845,4,9,6048,8,6,6937,0.5,0.8,1,3,6,7,7181,8,7,5469,4,10,7280,0.5,0.8,1
line,fusion_id,3,2,11,7008,4,6,8115,5,6,7006,0.5,0.8,1,3,6,11,7692,4,5,5810,6,5,6375,0.5,0.8,1
line,fusion_id,3,9,6,7906,6,3,7074,5,11,8672,0.5,0.8,1,3,1,7,6355,11,11,6257,6,6,8405,0.5,0.8,1
line,fusion_id,3,3,11,6086,8,14,5711,1,8,5925,0.5,0.8,1,3,5,11,7263,6,10,6826,4,4,6100,0.5,0.8,1
line,fusion_id,3,1,9,8704,7,10,5576,5,9,5492,0.5,0.8,1,3,4,10,7372,4,11,6307,0,8,7717,0.5,0.8,1
line,fusion_id,3,2,11,8377,11,8,6577,2,10,6483,0.5,0.8,1,3,5,13,7833,1,11,7755,5,7,6209,0.5,0.8,1
line,fusion_id,3,3,8,5695,5,7,9141,7,8,8307,0.5,0.8,1,3,5,9,7966,2,2,7080,4,4,5648,0.5,0.8,1
line,fusion_id,3,5,10,6498,4,12,7509,4,9,6500,0.5,0.8,1,3,5,13,7939,5,6,6387,3,10,8257,0.5,0.8,1
line,fusion_id,3,5,8,8834,6,6,6846,4,9,6101,0.5,0.8,1,3,4,7,7398,6,8,5658,6,10,5562,0.5,0.8,1
line,fusion_id,3,4,5,7424,7,6,8309,8,11,7020,0.5,0.8,1,3,9,10,6317,7,4,8737,4,6,6543,0.5,0.8,1
line,fusion_id,3,8,11,7063,13,4,8622,4,9,7846,0.5,0.8,1,3,6,10,7137,6,6,8670,6,5,7410,0.5,0.8,1
line,fusion_id,3,4,11,7431,2,8,7538,1,9,7193,0.5,0.8,1,3,6,14,8078,6,6,7114,6,6,5811,0.5,0.8,1
line,fusion_id,3,5,7,9286,8,11,6846,2,6,6364,0.5,0.8,1,3,6,12,8581,5,5,7517,11,3,6372,0.5,0.8,1
line,fusion_id,3,9,3,7615,4,6,9483,6,5,8521,0.5,0.8,1,3,6,7,6477,3,11,6696,9,6,6414,0.5,0.8,1
line,fusion_id,3,6,8,6154,5,7,7561,6,5,7591,0.5,0.8,1,3,6,11,6394,5,8,6141,9,12,7057,0.5,0.8,1
line,fusion_id,3,2,9,7208,5,7,7193,5,5,7888,0.5,0.8,1,3,4,11,7754,5,8,5199,5,9,7219,0.5,0.8,1
line,fusion_id,3,4,6,5891,6,6,7799,3,6,6356,0.5,0.8,1,3,0,11,8014,5,10,7503,6,12,4804,0.5,0.8,1
line,fusion_id,3,10,9,5787,3,9,5919,4,10,7741,0.5,0.8,1,3,7,10,7311,8,7,5956,10,6,6741,0.5,0.8,1
line,fusion_id,3,4,8,6996,8,11,8106,6,6,6987,0.5,0.8,1,3,5,6,6889,4,11,6614,6,14,7001,0.5,0.8,1
line,fusion_id,3,8,12,6390,9,5,6972,8,5,8466,0.5,0.8,1,3,5,6,9707,6,7,7095,5,8,5735,0.5,0.8,1
line,fusion_id,3,1,13,6729,5,11,8102,3,2,7007,0.5,0.8,1,3,0,6,7036,3,12,9007,4,18,6634,0.5,0.8,1
line,fusion_id,3,7,12,7475,8,8,6823,6,12,7068,0.5,0.8,1,3,11,6,6283,13,11,4800,3,6,7942,0.5,0.8,1
line,fusion_id,3,3,15,5660,3,12,8158,4,4,7320,0.5,0.8,1,3,3,5,4671,7,10,6512,6,11,9851,0.5,0.8,1
line,fusion_id,3,1,9,6371,6,5,6370,5,7,6568,0.5,0.8,1,3,5,5,8615,6,9,6641,7,6,7682,0.5,0.8,1
line,fusion_id,3,3,10,6188,5,9,7651,10,7,6223,0.5,0.8,1,3,2,6,8034,5,6,7660,3,5,7189,0.5,0.8,1
line,fusion_id,3,4,5,6646,5,9,7093,4,9,7931,0.5,0.8,1,3,11,10,6925,6,3,6409,5,8,5553,0.5,0.8,1
line,fusion_id,3,6,11,6576,5,12,5800,7,5,7399,0.5,0.8,1,3,3,11,9029,7,10,7619,3,8,6100,0.5,0.8,1
line,fusion_id,3,5,12,7412,12,6,7416,2,12,7685,0.5,0.8,1,3,9,13,5261,3,8,6262,6,7,8427,0.5,0.8,1
line,fusion_id,3,7,7,6311,7,11,8943,6,6,7574,0.5,0.8,1,3,3,10,7489,5,9,5744,4,4,7446,0.5,0.8,1
line,fusion_id,3,6,11,5881,5,11,6538,6,7,6277,0.5,0.8,1,3,8,9,6224,3,7,7241,6,11,5675,0.5,0.8,1
line,fusion_id,3,3,5,5161,10,14,7379,7,10,7378,0.5,0.8,1,3,6,8,6711,2,6,9599,4,9,6743,0.5,0.8,1
line,fusion_id,3,4,4,6260,1,9,7317,7,6,7867,0.5,0.8,1,3,3,9,7869,5,3,7903,4,12,7504,0.5,0.8,1
line,fusion_id,3,4,11,5432,6,6,7777,3,8,5939,0.5,0.8,1,3,5,5,7415,9,7,8205,5,6,6384,0.5,0.8,1
line,fusion_id,3,7,5,6572,9,9,7342,4,3,6648,0.5,0.8,1,3,5,9,6614,6,8,4472,3,7,6233,0.5,0.8,1
line,fusion_id,3,10,7,6652,11,5,7186,7,7,8542,0.5,0.8,1,3,3,14,5482,7,7,6164,3,7,6884,0.5,0.8,1
line,fusion_id,3,6,14,7278,2,6,7419,5,8,6309,0.5,0.8,1,3,4,9,7275,4,6,5743,2,2,5962,0.5,0.8,1
line,fusion_id,3,6,10,6382,4,13,6764,8,3,6266,0.5,0.8,1,3,7,9,7582,8,7,7079,7,9,7357,0.5,0.8,1
line,fusion_id,3,2,8,8441,8,9,6283,5,5,6172,0.5,0.8,1,3,8,6,7223,6,10,5139,4,12,6052,0.5,0.8,1
line,fusion_id,3,3,10,5357,1,10,6200,8,8,6377,0.5,0.8,1,3,3,5,8326,7,11,6798,7,10,7179,0.5,0.8,1
line,fusion_id,3,4,8,6314,4,6,7045,5,8,6700,0.5,0.8,1,3,3,8,6069,6,7,7793,4,6,7920,0.5,0.8,1
line,fusion_id,3,2,4,6512,2,11,5207,4,8,6926,0.5,0.8,1,3,3,3,8076,6,2,7189,3,4,5722,0.5,0.8,1
line,fusion_id,3,2,5,7762,7,9,5502,2,7,7227,0.5,0.8,1,3,5,10,6902,4,5,5425,5,8,6495,0.5,0.8,1
line,fusion_id,3,2,7,6898,2,7,5916,8,6,7572,0.5,0.8,1,3,4,9,7700,4,10,5731,4,1,7467,0.5,0.8,1
line,fusion_id,3,7,9,5676,5,9,6594,6,9,8529,0.5,0.8,1,3,2,4,6943,7,6,8042,5,7,5526,0.5,0.8,1
line,fusion_id,3,5,2,7154,4,9,7957,5,5,6522,0.5,0.8,1,3,5,10,8113,7,6,7345,5,7,7435,0.5,0.8,1
line,fusion_id,3,6,8,6620,10,6,7428,4,2,7832,0.5,0.8,1,3,3,3,7627,4,7,6649,7,7,8062,0.5,0.8,1
line,fusion_id,3,6,10,7448,6,11,7643,4,9,7771,0.5,0.8,1,3,7,10,6173,9,11,6774,7,12,6284,0.5,0.8,1
line,fusion_id,3,3,8,8038,5,8,5922,4,5,10130,0.5,0.8,1,3,8,8,8304,2,5,8277,6,9,7179,0.5,0.8,1
line,fusion_id,3,3,5,6026,8,11,7916,3,7,5644,0.5,0.8,1,3,8,5,7236,6,7,7992,7,8,7863,0.5,0.8,1
line,fusion_id,3,3,10,8188,5,16,7372,6,11,6811,0.5,0.8,1,3,6,8,7050,5,8,6135,3,6,5400,0.5,0.8,1
line,fusion_id,3,4,4,7860,5,9,7340,5,9,8018,0.5,0.8,1,3,5,6,6985,4,13,6362,2,5,8225,0.5,0.8,1
line,fusion_id,3,6,10,8860,3,8,8648,4,3,7515,0.5,0.8,1,3,4,10,6308,7,7,6079,2,7,8211,0.5,0.8,1
line,fusion_id,3,8,7,5920,4,4,6272,4,8,7169,0.5,0.8,1,3,7,10,7923,7,3,5868,8,4,5243,0.5,0.8,1
line,fusion_id,3,10,3,6666,7,9,6942,4,5,5722,0.5,0.8,1,3,6,17,6263,5,9,6818,6,10,5088,0.5,0.8,1
line,fusion_id,3,5,6,6938,9,5,7387,6,14,7596,0.5,0.8,1,3,1,9,7740,4,12,6452,8,14,7304,0.5,0.8,1
line,fusion_id,3,4,8,6982,8,7,9046,2,6,6044,0.5,0.8,1,3,9,11,6770,5,8,5414,3,3,8177,0.5,0.8,1
line,fusion_id,3,6,6,7393,3,6,7556,1,7,6329,0.5,0.8,1,3,2,7,7437,9,10,6805,7,15,5216,0.5,0.8,1
line,fusion_id,3,6,4,4209,6,12,5684,3,11,7239,0.5,0.8,1,3,8,9,7599,3,10,6534,8,6,7302,0.5,0.8,1
line,fusion_id,3,5,9,7906,7,4,7122,3,18,6355,0.5,0.8,1,3,4,13,7896,6,7,7102,7,5,7889,0.5,0.8,1
line,fusion_id,3,4,7,5539,9,8,7426,1,7,4935,0.5,0.8,1,3,3,5,7218,4,4,6190,3,9,5428,0.5,0.8,1
line,fusion_id,3,5,7,7113,4,11,6754,7,5,7040,0.5,0.8,1,3,8,6,5524,4,11,6786,6,9,7355,0.5,0.8,1
line,fusion_id,3,6,4,8403,2,8,7608,4,8,7242,0.5,0.8,1,3,5,12,8123,3,14,7520,7,8,8130,0.5,0.8,1
line,fusion_id,3,9,6,8876,5,9,6809,4,8,6743,0.5,0.8,1,3,6,3,7681,2,5,7211,5,7,6559,0.5,0.8,1
line,fusion_id,3,2,12,8554,7,11,6933,6,9,7593,0.5,0.8,1,3,1,6,5641,4,9,5898,6,7,7281,0.5,0.8,1
line,fusion_id,3,9,9,6945,3,10,6555,4,13,7022,0.5,0.8,1,3,7,6,9444,4,6,5791,1,15,7536,0.5,0.8,1
line,fusion_id,3,3,5,7533,5,7,7398,7,8,5343,0.5,0.8,1,3,4,5,7676,1,8,7649,4,9,7797,0.5,0.8,1
line,fusion_id,3,3,8,8861,9,10,6236,2,13,7562,0.5,0.8,1,3,4,7,8999,4,6,9167,5,12,7552,0.5,0.8,1
line,fusion_id,3,3,6,8162,5,6,7379,7,4,8646,0.5,0.8,1,3,5,9,6376,6,11,7428,3,2,7045,0.5,0.8,1
line,fusion_id,3,1,7,5659,2,15,8105,2,8,6771,0.5,0.8,1,3,3,5,7351,6,10,5853,8,7,5947,0.5,0.8,1
line,fusion_id,3,4,8,6265,6,10,5488,6,3,6128,0.5,0.8,1,3,5,4,8679,5,10,6650,5,8,8309,0.5,0.8,1
line,fusion_id,3,1,9,6059,5,8,7073,5,9,7324,0.5,0.8,1,3,2,4,7136,2,6,7887,7,6,5713,0.5,0.8,1
line,fusion_id,3,6,6,4284,2,6,5360,5,13,6869,0.5,0.8,1,3,9,9,8255,5,8,6985,6,6,6499,0.5,0.8,1
line,fusion_id,3,3,15,6066,6,6,7427,3,4,8440,0.5,0.8,1,3,5,5,5990,5,9,6851,6,7,5279,0.5,0.8,1
line,fusion_id,3,9,10,8893,1,10,7374,5,10,8981,0.5,0.8,1,3,6,9,8709,7,8,7015,5,3,5720,0.5,0.8,1
line,fusion_id,3,7,8,9717,4,7,8032,6,7,7177,0.5,0.8,1,3,6,7,5763,8,14,5699,7,15,5478,0.5,0.8,1
line,fusion_id,3,5,8,5978,6,6,7534,2,2,8984,0.5,0.8,1,3,3,4,6088,4,10,6980,3,9,6988,0.5,0.8,1
line,fusion_id,3,4,8,6063,3,10,6667,6,8,6930,0.5,0.8,1,3,5,3,7702,2,7,7029,5,7,7375,0.5,0.8,1
line,fusion_id,3,10,5,6343,3,11,8715,8,11,5872,0.5,0.8,1,3,6,8,6613,7,6,7023,7,12,6779,0.5,0.8,1
line,fusion_id,3,6,6,6962,6,14,5822,2,3,8171,0.5,0.8,1,3,5,7,6535,5,4,7532,7,12,6842,0.5,0.8,1
line,fusion_id,3,4,8,7891,3,10,5723,4,14,6508,0.5,0.8,1,3,3,6,6722,6,10,6253,10,9,5992,0.5,0.8,1
line,fusion_id,3,6,10,8610,2,6,7551,6,3,5966,0.5,0.8,1,3,2,7,7638,2,11,6207,6,9,7336,0.5,0.8,1
line,fusion_id,3,8,5,6976,7,5,7211,3,10,7431,0.5,0.8,1,3,3,9,4815,9,4,6725,5,8,7823,0.5,0.8,1
line,fusion_id,3,6,8,4630,2,5,7953,8,12,7422,0.5,0.8,1,3,7,8,6639,8,7,6224,13,10,5596,0.5,0.8,1
line,fusion_id,3,5,5,7720,3,6,8177,7,6,6286,0.5,0.8,1,3,4,6,5857,3,13,6186,6,10,8078,0.5,0.8,1
line,fusion_id,3,4,7,7256,7,6,8110,8,6,7413,0.5,0.8,1,3,5,5,7991,7,9,6080,2,7,8203,0.5,0.8,1
line,fusion_id,3,3,11,7050,7,3,5658,4,3,6206,0.5,0.8,1,3,8,14,7930,5,5,5547,3,8,8056,0.5,0.8,1
line,fusion_id,3,7,7,8027,5,5,7900,3,7,4974,0.5,0.8,1,3,5,9,8053,7,7,6248,2,6,6523,0.5,0.8,1
line,fusion_id,3,4,6,7984,3,14,6021,3,11,8865,0.5,0.8,1,3,2,9,8379,8,7,6035,5,10,10115,0.5,0.8,1
line,fusion_id,3,2,6,5583,4,5,6770,7,12,7793,0.5,0.8,1,3,4,4,6411,5,6,8893,3,8,7703,0.5,0.8,1
line,fusion_id,3,8,4,7626,5,14,6980,8,8,7341,0.5,0.8,1,3,5,4,6535,8,7,7344,4,6,9151,0.5,0.8,1
line,fusion_id,3,2,7,6407,3,10,5127,2,3,7300,0.5,0.8,1,3,7,10,7470,3,3,5069,4,4,8182,0.5,0.8,1
line,fusion_id,3,12,11,7714,5,5,6199,3,14,7009,0.5,0.8,1,3,2,10,7680,8,8,6383,4,9,6704,0.5,0.8,1
line,fusion_id,3,4,1,7438,7,7,7813,4,11,7220,0.5,0.8,1,3,4,13,6047,4,9,7275,6,6,8760,0.5,0.8,1
line,fusion_id,3,7,8,8305,3,10,7181,6,8,5415,0.5,0.8,1,3,5,10,5087,2,3,7388,5,6,6387,0.5,0.8,1
line,fusion_id,3,16,15,8683,7,12,7697,0,15,5469,0.5,0.8,1,3,3,6,6507,5,7,8048,4,6,5342,0.5,0.8,1
line,fusion_id,3,3,2,6440,5,4,8459,4,9,6118,0.5,0.8,1,3,4,10,6523,2,10,9023,6,8,7809,0.5,0.8,1
line,fusion_id,3,4,11,7306,8,7,6359,8,8,7297,0.5,0.8,1,3,1,6,7677,4,10,6228,6,6,6550,0.5,0.8,1
line,fusion_id,3,7,2,7103,4,3,8813,4,4,9032,0.5,0.8,1,3,5,4,5497,9,10,6090,6,7,6193,0.5,0.8,1
line,fusion_id,3,8,7,6683,3,12,9449,4,5,6755,0.5,0.8,1,3,6,9,6158,5,5,7894,5,6,8592,0.5,0.8,1
line,fusion_id,3,4,6,7749,11,8,6960,7,11,6936,0.5,0.8,1,3,7,13,9386,9,3,6626,1,6,8394,0.5,0.8,1
line,fusion_id,3,7,4,7380,9,12,7468,4,8,7228,0.5,0.8,1,3,6,12,7289,6,7,6164,3,9,6661,0.5,0.8,1
line,fusion_id,3,5,9,7327,3,16,8904,4,11,7506,0.5,0.8,1,3,7,10,7724,9,11,6446,7,7,8168,0.5,0.8,1
line,fusion_id,3,2,9,7232,3,5,8177,6,11,6736,0.5,0.8,1,3,6,8,6979,6,8,7921,4,5,9067,0.5,0.8,1
line,fusion_id,3,4,5,7025,8,5,8021,6,9,6828,0.5,0.8,1,3,4,10,6663,6,13,7002,4,11,7676,0.5,0.8,1
line,fusion_id,3,3,6,8557,5,7,7574,3,7,5530,0.5,0.8,1,3,5,5,5391,9,10,6210,5,11,5790,0.5,0.8,1
line,fusion_id,3,2,7,6907,4,10,8664,3,7,6693,0.5,0.8,1,3,3,5,7397,3,6,7094,4,1,6592,0.5,0.8,1
line,fusion_id,3,4,11,9154,7,7,7403,5,8,7005,0.5,0.8,1,3,2,5,6434,7,8,8293,6,11,6534,0.5,0.8,1
line,fusion_id,3,9,7,6466,5,4,6313,7,10,5813,0.5,0.8,1,3,5,9,8086,4,7,8596,6,5,6528,0.5,0.8,1
line,fusion_id,3,7,10,6886,4,9,6587,7,5,8711,0.5,0.8,1,3,1,14,6975,6,2,6230,7,7,5824,0.5,0.8,1
line,fusion_id,3,6,6,6659,3,4,7090,5,11,6231,0.5,0.8,1,3,5,6,7416,3,9,8082,4,7,7628,0.5,0.8,1
line,fusion_id,3,5,9,6587,6,8,7082,3,8,6519,0.5,0.8,1,3,1,6,6444,3,6,6423,6,8,7597,0.5,0.8,1
line,fusion_id,3,8,5,4618,3,10,8043,3,5,6843,0.5,0.8,1,3,9,5,5827,7,5,8629,5,13,5965,0.5,0.8,1
line,fusion_id,3,3,11,6795,2,5,7093,2,10,7404,0.5,0.8,1,3,7,11,7216,6,3,6725,7,7,7193,0.5,0.8,1
line,fusion_id,3,5,10,7629,5,10,6445,9,9,6456,0.5,0.8,1,3,4,9,6160,4,10,6936,6,7,5836,0.5,0.8,1
line,fusion_id,3,4,18,5518,7,9,6392,8,5,5862,0.5,0.8,1,3,5,8,5940,6,14,9258,9,13,6200,0.5,0.8,1
line,fusion_id,3,5,4,8299,2,2,5905,3,9,6025,0.5,0.8,1,3,5,6,7597,5,5,6753,7,8,6873,0.5,0.8,1
line,fusion_id,3,4,9,7190,9,5,7057,7,6,8731,0.5,0.8,1,3,7,8,6901,5,11,8253,5,8,7165,0.5,0.8,1
line,fusion_id,3,5,12,6446,4,11,6348,6,14,7315,0.5,0.8,1,3,6,7,5684,5,11,7541,11,9,5215,0.5,0.8,1
line,fusion_id,3,5,13,7590,3,9,5709,7,7,8393,0.5,0.8,1,3,4,8,6992,4,8,6512,6,7,6384,0.5,0.8,1
line,fusion_id,3,6,8,6753,9,6,7303,5,9,7678,0.5,0.8,1,3,3,3,8776,5,5,6536,7,10,5355,0.5,0.8,1
line,fusion_id,3,3,10,5821,8,7,8900,8,8,7262,0.5,0.8,1,3,6,11,5726,6,7,7558,9,5,7505,0.5,0.8,1
line,fusion_id,3,2,13,7165,6,12,6383,3,8,6835,0.5,0.8,1,3,8,7,6145,6,5,6462,7,9,5948,0.5,0.8,1
line,fusion_id,3,5,9,5647,4,8,5712,1,5,7064,0.5,0.8,1,3,3,7,6753,3,6,9413,3,6,5700,0.5,0.8,1
line,fusion_id,3,5,12,8056,4,6,6021,7,9,6120,0.5,0.8,1,3,4,11,5761,10,11,6543,2,4,8101,0.5,0.8,1
line,fusion_id,3,6,9,7506,3,7,6166,6,4,6667,0.5,0.8,1,3,8,10,7529,7,5,6823,6,7,6243,0.5,0.8,1
line,fusion_id,3,2,9,6933,5,6,7490,4,8,7282,0.5,0.8,1,3,0,14,8439,5,7,7053,7,2,7000,0.5,0.8,1
line,fusion_id,3,3,8,6209,5,8,5966,7,4,5221,0.5,0.8,1,3,1,6,5893,4,9,7430,9,8,6387,0.5,0.8,1
line,fusion_id,3,4,6,7264,4,9,7773,4,8,6800,0.5,0.8,1,3,6,9,5256,4,12,7175,4,13,6548,0.5,0.8,1
line,fusion_id,3,2,7,6153,6,11,7326,5,6,5748,0.5,0.8,1,3,4,11,5250,3,7,8703,4,7,7924,0.5,0.8,1
line,fusion_id,3,9,5,7621,4,8,5277,3,4,6508,0.5,0.8,1,3,6,14,6815,10,10,6564,4,9,7176,0.5,0.8,1
line,fusion_id,3,10,4,5611,2,10,8655,6,5,6401,0.5,0.8,1,3,8,11,7370,2,15,9208,8,8,5908,0.5,0.8,1
line,fusion_id,3,7,8,5724,1,9,7042,7,11,7575,0.5,0.8,1,3,1,7,7620,7,9,6636,3,3,8081,0.5,0.8,1
line,fusion_id,3,5,7,6344,4,11,8080,4,7,5436,0.5,0.8,1,3,6,9,7078,6,6,7626,7,7,8993,0.5,0.8,1
line,fusion_id,3,5,8,9102,3,11,6707,4,5,6400,0.5,0.8,1,3,2,6,7785,8,8,7227,8,8,6870,0.5,0.8,1
line,fusion_id,3,6,9,6510,5,4,6934,4,9,7015,0.5,0.8,1,3,6,5,6540,8,9,6716,8,8,5003,0.5,0.8,1
line,fusion_id,3,4,12,7077,3,6,7166,6,8,5566,0.5,0.8,1,3,5,5,6393,13,6,8907,5,7,7936,0.5,0.8,1
line,fusion_id,3,3,6,8147,5,5,6719,2,12,5994,0.5,0.8,1,3,4,8,7367,6,3,6612,1,11,5279,0.5,0.8,1
line,fusion_id,3,6,10,7635,11,4,6984,7,5,5740,0.5,0.8,1,3,4,12,7472,3,4,8183,5,6,7678,0.5,0.8,1
line,fusion_id,3,2,5,8077,11,3,7425,8,10,5454,0.5,0.8,1,3,10,13,7154,5,14,7428,2,8,7612,0.5,0.8,1
line,fusion_id,3,5,6,7291,6,9,7397,6,9,6474,0.5,0.8,1,3,7,12,6793,10,9,6532,6,9,6695,0.5,0.8,1
line,fusion_id,3,6,10,7898,3,9,5716,4,10,5826,0.5,0.8,1,3,2,7,6065,8,9,7511,5,4,7413,0.5,0.8,1
line,fusion_id,3,7,19,8395,8,6,6483,9,14,7961,0.5,0.8,1,3,6,11,7525,7,11,8862,4,9,7561,0.5,0.8,1
line,fusion_id,3,2,13,7443,2,2,8943,8,11,5230,0.5,0.8,1,3,4,7,5349,7,10,5713,5,11,6837,0.5,0.8,1
line,fusion_id,3,8,7,5521,6,16,6627,5,9,9587,0.5,0.8,1,3,7,7,6685,4,9,6110,2,7,7607,0.5,0.8,1
line,fusion_id,3,4,2,6369,4,11,7085,3,14,6645,0.5,0.8,1,3,5,12,6994,3,10,5905,4,6,7711,0.5,0.8,1
line,fusion_id,3,8,7,7485,5,8,5307,9,18,6707,0.5,0.8,1,3,4,4,6798,8,8,7524,8,8,7642,0.5,0.8,1
line,fusion_id,3,7,6,8128,3,10,8152,6,8,6173,0.5,0.8,1,3,9,7,6079,2,9,5516,3,11,7225,0.5,0.8,1
line,fusion_id,3,3,11,5574,7,4,7536,6,8,7532,0.5,0.8,1,3,3,13,6355,3,6,7795,6,9,7341,0.5,0.8,1
line,fusion_id,3,5,4,8030,2,16,6025,5,10,5983,0.5,0.8,1,3,4,10,7459,6,9,6856,3,5,6330,0.5,0.8,1
line,fusion_id,3,4,7,9317,4,6,8042,4,12,7459,0.5,0.8,1,3,6,13,7368,7,13,7952,4,8,6517,0.5,0.8,1
line,fusion_id,3,7,7,8589,5,4,7741,6,12,6245,0.5,0.8,1,3,1,8,8186,5,8,7996,3,6,7270,0.5,0.8,1
line,fusion_id,3,2,6,7624,4,7,7158,4,9,7124,0.5,0.8,1,3,6,4,6731,4,5,7173,4,10,6715,0.5,0.8,1
line,fusion_id,3,8,9,8535,9,8,6453,3,3,6944,0.5,0.8,1,3,2,4,7008,0,9,6470,3,12,6687,0.5,0.8,1
line,fusion_id,3,9,11,6023,2,8,6880,3,8,6307,0.5,0.8,1,3,7,6,7059,3,13,5705,6,8,8111,0.5,0.8,1
line,fusion_id,3,2,8,6211,3,8,6335,3,4,6595,0.5,0.8,1,3,6,7,6625,3,11,5970,6,5,6399,0.5,0.8,1
line,fusion_id,3,8,9,6537,9,6,7333,2,11,7560,0.5,0.8,1,3,6,12,8891,6,9,8062,1,5,8722,0.5,0.8,1
line,fusion_id,3,3,4,7670,2,4,6460,1,8,5784,0.5,0.8,1,3,4,7,7846,4,8,7876,3,8,5877,0.5,0.8,1
line,fusion_id,3,7,8,7070,8,5,8024,6,10,6335,0.5,0.8,1,3,3,12,6007,3,6,9101,4,5,7442,0.5,0.8,1
line,fusion_id,3,3,9,6575,6,12,6767,7,10,7329,0.5,0.8,1,3,7,5,5215,9,8,7060,10,13,5578,0.5,0.8,1
line,fusion_id,3,2,7,7269,9,6,7381,6,12,8059,0.5,0.8,1,3,3,7,6763,6,10,4501,11,5,6388,0.5,0.8,1
line,fusion_id,3,8,7,8540,6,5,6286,2,6,8314,0.5,0.8,1,3,5,11,6024,1,13,8222,5,5,6615,0.5,0.8,1
line,fusion_id,3,7,6,7445,1,8,7214,2,8,5891,0.5,0.8,1,3,3,12,8746,3,6,5969,5,8,7237,0.5,0.8,1
line,fusion_id,3,8,7,5551,5,4,6069,4,10,6161,0.5,0.8,1,3,3,4,6085,3,3,7733,11,9,7211,0.5,0.8,1
line,fusion_id,3,9,12,6431,2,8,7520,4,9,6758,0.5,0.8,1,3,4,8,8223,6,4,5608,9,8,6223,0.5,0.8,1
line,fusion_id,3,2,7,5907,3,6,5679,8,10,8359,0.5,0.8,1,3,4,16,7107,2,20,9187,2,6,8182,0.5,0.8,1
line,fusion_id,3,13,10,7360,4,10,6767,4,5,5716,0.5,0.8,1,3,3,5,9487,5,15,6943,6,12,6455,0.5,0.8,1
line,fusion_id,3,6,8,6780,4,8,6123,6,3,6070,0.5,0.8,1,3,6,13,6230,5,5,8810,6,7,7798,0.5,0.8,1
line,fusion_id,3,1,5,7278,5,16,7278,7,3,6430,0.5,0.8,1,3,8,8,6051,6,9,6155,4,6,7424,0.5,0.8,1
line,fusion_id,3,8,6,5740,3,10,8089,6,9,8028,0.5,0.8,1,3,2,13,7288,4,8,6504,1,14,7924,0.5,0.8,1
line,fusion_id,3,4,3,7575,2,8,8020,5,11,6964,0.5,0.8,1,3,9,4,7006,6,6,7885,5,5,6391,0.5,0.8,1
line,fusion_id,3,5,10,6900,2,7,7276,4,13,7908,0.5,0.8,1,3,8,9,4863,4,9,6918,2,8,8919,0.5,0.8,1
line,fusion_id,3,0,9,6689,2,8,7190,4,8,5986,0.5,0.8,1,3,7,10,8680,5,5,8615,5,10,6684,0.5,0.8,1
line,fusion_id,3,8,12,6248,4,6,6609,12,14,6773,0.5,0.8,1,3,9,2,7343,6,9,8107,6,4,7467,0.5,0.8,1
line,fusion_id,3,2,8,6232,3,11,7859,2,7,8867,0.5,0.8,1,3,6,13,5332,7,2,9471,4,13,7996,0.5,0.8,1
line,fusion_id,3,10,11,6922,1,3,7024,2,4,5184,0.5,0.8,1,3,7,12,7244,1,10,8426,3,11,6484,0.5,0.8,1
line,fusion_id,3,4,11,6473,2,6,7925,3,10,5586,0.5,0.8,1,3,6,8,6247,2,7,6051,7,8,6041,0.5,0.8,1
line,fusion_id,3,3,7,6948,8,10,6254,6,6,6634,0.5,0.8,1,3,5,4,8283,9,2,7228,6,10,6646,0.5,0.8,1
line,fusion_id,3,8,7,5523,4,8,6688,5,1,5560,0.5,0.8,1,3,3,11,6219,9,7,7478,3,7,8428,0.5,0.8,1
line,fusion_id,3,6,6,7505,1,5,6746,7,11,9119,0.5,0.8,1,3,5,7,6226,5,8,6818,5,6,9624,0.5,0.8,1
line,fusion_id,3,4,8,7067,4,8,8797,6,7,6382,0.5,0.8,1,3,4,2,6879,4,9,6490,2,7,5800,0.5,0.8,1
line,fusion_id,3,3,14,7372,2,8,6656,10,11,7229,0.5,0.8,1,3,4,9,8768,12,11,7050,8,6,7914,0.5,0.8,1
line,fusion_id,3,6,7,5831,5,4,6652,1,7,6873,0.5,0.8,1,3,9,11,6751,4,7,6303,6,8,8848,0.5,0.8,1
line,fusion_id,3,6,9,6257,8,3,6922,2,10,5925,0.5,0.8,1,3,7,9,7168,5,7,7092,3,7,7625,0.5,0.8,1
line,fusion_id,3,6,5,6600,2,4,6813,2,3,7458,0.5,0.8,1,3,4,4,5729,3,9,6965,3,10,7868,0.5,0.8,1
line,fusion_id,3,7,9,8218,6,8,6552,4,7,8510,0.5,0.8,1,3,4,3,7391,7,6,7465,1,10,8248,0.5,0.8,1
line,fusion_id,3,8,7,6615,5,11,7778,3,9,5964,0.5,0.8,1,3,5,5,7533,9,8,6412,8,8,7181,0.5,0.8,1
line,fusion_id,3,7,10,7433,6,7,7737,3,9,9279,0.5,0.8,1,3,5,9,6482,4,7,6908,5,13,6449,0.5,0.8,1
line,fusion_id,3,3,11,7620,8,8,8006,1,12,7802,0.5,0.8,1,3,7,3,7568,5,10,7584,5,13,7164,0.5,0.8,1
line,fusion_id,3,6,7,7950,2,11,5660,7,8,7220,0.5,0.8,1,3,5,9,7583,9,7,8297,4,12,5583,0.5,0.8,1
line,fusion_id,3,3,6,6796,6,7,6916,2,13,8003,0.5,0.8,1,3,8,9,5647,6,7,7307,6,7,8219,0.5,0.8,1
line,fusion_id,3,2,6,7787,3,10,7637,8,12,7464,0.5,0.8,1,3,4,5,6069,4,3,6373,3,7,6772,0.5,0.8,1
line,fusion_id,3,5,6,7321,9,11,8323,10,7,7416,0.5,0.8,1,3,8,9,5961,11,10,5281,10,10,7543,0.5,0.8,1
line,fusion_id,3,9,9,6317,6,6,7590,4,6,5048,0.5,0.8,1,3,3,6,5934,5,8,6306,1,5,6735,0.5,0.8,1
line,fusion_id,3,9,8,7065,5,5,5738,5,8,7996,0.5,0.8,1,3,7,11,6690,2,11,6835,5,13,6515,0.5,0.8,1
line,fusion_id,3,8,9,9304,2,7,7589,4,9,6306,0.5,0.8,1,3,8,13,6883,7,2,5974,4,9,6212,0.5,0.8,1
line,fusion_id,3,2,8,6668,2,5,8118,3,6,9343,0.5,0.8,1,3,5,8,5567,2,6,4973,3,9,6586,0.5,0.8,1
line,fusion_id,3,4,12,6747,4,12,8874,5,5,8579,0.5,0.8,1,3,2,11,6463,4,8,7410,6,7,7201,0.5,0.8,1
line,fusion_id,3,3,10,5160,3,8,6330,4,8,7709,0.5,0.8,1,3,1,6,8492,8,11,6906,4,6,7207,0.5,0.8,1
line,fusion_id,3,7,4,8085,9,3,5204,9,8,5889,0.5,0.8,1,3,4,6,7166,7,8,7824,3,10,6551,0.5,0.8,1
line,fusion_id,3,5,5,4817,2,10,6919,7,10,6816,0.5,0.8,1,3,5,6,9204,6,8,8146,5,2,6366,0.5,0.8,1
line,fusion_id,3,7,10,7883,3,6,7669,0,7,5987,0.5,0.8,1,3,3,5,6636,4,11,5669,6,14,9234,0.5,0.8,1
line,fusion_id,3,7,6,7029,5,13,8931,3,8,7482,0.5,0.8,1,3,5,11,7437,8,10,4908,7,12,7689,0.5,0.8,1
line,fusion_id,3,4,5,7241,4,8,6634,5,6,6501,0.5,0.8,1,3,7,8,6377,9,10,6716,3,16,9550,0.5,0.8,1
line,fusion_id,3,3,5,10434,5,9,6598,6,2,4629,0.5,0.8,1,3,5,8,7354,5,6,6785,6,13,7688,0.5,0.8,1
line,fusion_id,3,3,7,7155,2,3,7165,3,8,6118,0.5,0.8,1,3,4,6,6994,9,7,5559,3,9,7339,0.5,0.8,1
line,fusion_id,3,7,5,6687,4,6,6336,5,14,7687,0.5,0.8,1,3,5,11,5509,7,9,7357,7,13,7487,0.5,0.8,1
line,fusion_id,3,13,10,5985,6,9,5864,9,8,5707,0.5,0.8,1,3,5,9,6592,4,7,8915,4,4,7546,0.5,0.8,1
line,fusion_id,3,4,6,8097,4,13,7203,5,5,6349,0.5,0.8,1,3,5,9,6238,3,7,7154,6,12,6099,0.5,0.8,1
line,fusion_id,3,6,6,8470,2,12,6302,8,7,7012,0.5,0.8,1,3,6,9,7632,11,8,6354,3,7,7582,0.5,0.8,1
line,fusion_id,3,2,9,6547,5,9,7160,7,6,6891,0.5,0.8,1,3,4,8,7744,2,8,6943,6,7,5186,0.5,0.8,1
line,fusion_id,3,5,8,7847,7,7,7339,5,4,6971,0.5,0.8,1,3,2,12,7247,4,5,6454,4,8,5941,0.5,0.8,1
line,fusion_id,3,5,7,8838,6,6,7299,4,10,8218,0.5,0.8,1,3,3,8,7141,7,13,7412,6,11,5940,0.5,0.8,1
line,fusion_id,3,1,9,6838,11,5,6994,8,4,8294,0.5,0.8,1,3,2,7,8840,4,5,6779,7,9,8083,0.5,0.8,1
line,fusion_id,3,5,7,6408,7,3,7470,3,6,8248,0.5,0.8,1,3,3,8,7058,6,9,7011,7,3,6669,0.5,0.8,1
line,fusion_id,3,4,8,7264,5,9,6152,3,6,6408,0.5,0.8,1,3,4,8,7427,7,10,7771,3,6,8587,0.5,0.8,1
line,fusion_id,3,4,7,7482,7,9,7492,2,4,7099,0.5,0.8,1,3,6,6,7431,5,17,7496,6,6,5879,0.5,0.8,1
line,fusion_id,3,7,2,7994,9,6,7835,10,9,7701,0.5,0.8,1,3,8,12,7383,7,11,5870,2,6,8342,0.5,0.8,1
line,fusion_id,3,11,7,7629,3,4,5167,4,4,7032,0.5,0.8,1,3,2,6,5978,3,12,5460,4,5,7514,0.5,0.8,1
line,fusion_id,3,4,9,7077,4,10,7644,2,6,6422,0.5,0.8,1,3,2,7,6293,11,6,8499,3,4,6220,0.5,0.8,1
line,fusion_id,3,8,14,7181,7,7,8685,4,20,6946,0.5,0.8,1,3,6,3,7773,2,12,7758,5,6,8343,0.5,0.8,1
line,fusion_id,3,6,9,6308,5,5,5185,8,11,6810,0.5,0.8,1,3,6,7,6803,5,9,7531,3,8,7947,0.5,0.8,1
line,fusion_id,3,9,3,5964,5,11,6643,9,9,9186,0.5,0.8,1,3,4,8,6497,12,6,6819,3,11,7499,0.5,0.8,1
line,fusion_id,3,5,10,8877,11,8,7485,4,2,7441,0.5,0.8,1,3,6,7,8139,11,4,5695,2,7,8877,0.5,0.8,1
line,fusion_id,3,5,11,6086,5,6,8005,6,5,5629,0.5,0.8,1,3,2,10,6891,5,6,5677,4,5,7500,0.5,0.8,1
line,fusion_id,3,1,8,6066,4,7,6378,2,4,7348,0.5,0.8,1,3,7,15,5907,4,15,9355,2,11,6839,0.5,0.8,1
line,fusion_id,3,2,6,5921,7,7,7807,5,11,6453,0.5,0.8,1,3,6,13,6444,6,5,6261,6,10,5337,0.5,0.8,1
line,fusion_id,3,4,5,7818,4,7,6194,2,5,7231,0.5,0.8,1,3,2,5,8188,2,11,6803,4,7,6190,0.5,0.8,1
line,fusion_id,3,10,5,7230,4,8,7510,5,3,6474,0.5,0.8,1,3,8,6,6571,6,7,8618,3,7,6589,0.5,0.8,1
line,fusion_id,3,3,10,7284,5,11,5773,6,8,7990,0.5,0.8,1,3,3,2,5629,4,4,7851,5,12,7561,0.5,0.8,1
line,fusion_id,3,12,12,7960,3,3,8339,3,7,7559,0.5,0.8,1,3,4,8,6645,8,9,7452,11,12,5920,0.5,0.8,1
line,fusion_id,3,5,10,7094,3,3,6676,4,12,7225,0.5,0.8,1,3,3,7,6324,3,4,6701,3,5,7382,0.5,0.8,1
line,fusion_id,3,9,4,6393,4,13,7042,7,7,7926,0.5,0.8,1,3,2,10,7093,6,9,6316,5,10,4507,0.5,0.8,1
line,fusion_id,3,6,3,7644,3,8,7739,10,8,9617,0.5,0.8,1,3,4,9,6731,5,6,6720,4,4,5450,0.5,0.8,1
line,fusion_id,3,7,5,6357,2,12,7664,1,6,8413,0.5,0.8,1,3,7,5,8389,4,9,6826,6,10,7365,0.5,0.8,1
line,fusion_id,3,6,6,8304,2,9,7290,7,11,7146,0.5,0.8,1,3,6,10,5041,6,2,7498,2,5,7313,0.5,0.8,1
line,fusion_id,3,4,10,6811,6,8,7718,6,16,8113,0.5,0.8,1,3,7,15,6208,3,8,6324,6,6,5964,0.5,0.8,1
line,fusion_id,3,4,18,6844,9,13,6044,5,9,6377,0.5,0.8,1,3,2,10,6624,5,12,5910,4,3,9028,0.5,0.8,1
line,fusion_id,3,4,5,6817,5,11,6072,0,5,6867,0.5,0.8,1,3,0,6,7605,5,8,8494,6,5,5599,0.5,0.8,1
line,fusion_id,3,5,7,7443,5,6,7940,3,5,8269,0.5,0.8,1,3,3,12,8384,6,2,5594,6,7,7353,0.5,0.8,1
line,fusion_id,3,4,11,5934,3,4,6273,7,2,7458,0.5,0.8,1,3,9,14,7905,9,10,6020,4,8,6255,0.5,0.8,1
line,fusion_id,3,5,2,5573,7,11,5437,1,9,7463,0.5,0.8,1,3,4,4,6989,7,8,7613,2,9,7223,0.5,0.8,1
line,fusion_id,3,4,14,7453,4,9,7465,2,11,6572,0.5,0.8,1,3,10,11,7287,5,8,7709,2,6,6630,0.5,0.8,1
line,fusion_id,3,10,10,7819,8,7,7801,4,9,5694,0.5,0.8,1,3,1,10,7108,3,6,8355,2,6,4544,0.5,0.8,1
line,fusion_id,3,4,7,7605,9,12,6068,7,9,6115,0.5,0.8,1,3,3,11,7407,7,4,7748,7,13,6869,0.5,0.8,1
line,fusion_id,3,8,7,6030,3,8,7538,6,6,6779,0.5,0.8,1,3,7,5,7514,5,7,7088,4,8,7289,0.5,0.8,1
line,fusion_id,3,5,11,5630,8,10,6459,2,7,8644,0.5,0.8,1,3,1,8,6963,1,9,8447,6,13,6776,0.5,0.8,1
line,fusion_id,3,1,8,7860,9,8,7323,10,7,5949,0.5,0.8,1,3,9,6,7001,2,8,5885,5,9,6430,0.5,0.8,1
line,fusion_id,3,4,6,7129,10,5,7480,0,10,9596,0.5,0.8,1,3,6,11,6715,7,7,6369,9,11,6528,0.5,0.8,1
line,fusion_id,3,5,5,5924,9,3,6019,2,6,6965,0.5,0.8,1,3,4,14,8750,3,11,7052,7,8,8512,0.5,0.8,1
line,fusion_id,3,3,8,6491,5,8,8541,3,8,7641,0.5,0.8,1,3,6,8,6713,6,10,6227,6,7,7469,0.5,0.8,1
line,fusion_id,3,4,7,8103,3,8,5434,1,13,8827,0.5,0.8,1,3,3,13,5768,5,5,5599,5,10,5967,0.5,0.8,1
line,fusion_id,3,2,8,6854,8,6,6996,7,3,7761,0.5,0.8,1,3,3,11,7762,7,7,5023,6,10,5750,0.5,0.8,1
line,fusion_id,3,4,11,7078,2,7,6883,5,9,6857,0.5,0.8,1,3,6,8,7346,5,5,5468,5,10,7697,0.5,0.8,1
line,fusion_id,3,12,6,7296,6,11,6766,7,6,8771,0.5,0.8,1,3,9,4,6553,4,17,8452,2,0,8387,0.5,0.8,1
line,fusion_id,3,5,6,6828,3,5,6405,6,8,6928,0.5,0.8,1,3,10,12,6444,7,5,9710,3,13,6343,0.5,0.8,1
line,fusion_id,3,2,6,7579,7,8,7614,4,6,7261,0.5,0.8,1,3,7,5,6780,7,9,6556,8,15,6860,0.5,0.8,1
line,fusion_id,3,7,11,5823,4,3,6539,7,4,6262,0.5,0.8,1,3,4,9,8138,6,8,5192,3,10,7053,0.5,0.8,1
line,fusion_id,3,5,8,7181,5,2,7810,4,5,7848,0.5,0.8,1,3,5,9,6533,7,10,7497,3,12,8408,0.5,0.8,1
line,fusion_id,3,8,7,6138,2,4,8161,9,10,6545,0.5,0.8,1,3,4,4,10030,3,4,7772,4,13,6909,0.5,0.8,1
line,fusion_id,3,3,10,6255,3,8,6565,4,14,7788,0.5,0.8,1,3,4,9,8275,6,10,5544,6,3,6055,0.5,0.8,1
line,fusion_id,3,7,7,8166,4,5,8065,4,5,7201,0.5,0.8,1,3,4,8,6785,6,10,6837,2,10,6518,0.5,0.8,1
line,fusion_id,3,1,5,6100,4,7,6719,5,6,8032,0.5,0.8,1,3,0,6,8011,7,4,8143,4,8,7035,0.5,0.8,1
line,fusion_id,3,8,5,6322,5,3,4569,6,7,8109,0.5,0.8,1,3,5,7,6897,4,14,6341,3,2,6649,0.5,0.8,1
line,fusion_id,3,2,11,6121,5,7,7979,6,11,8093,0.5,0.8,1,3,10,8,8011,4,9,8289,3,13,7218,0.5,0.8,1
line,fusion_id,3,4,5,5943,7,11,7255,2,12,6859,0.5,0.8,1,3,3,8,5183,0,13,7541,2,6,7866,0.5,0.8,1
line,fusion_id,3,4,5,9302,1,4,8382,7,9,5173,0.5,0.8,1,3,6,2,6052,3,3,6910,5,6,6516,0.5,0.8,1
line,fusion_id,3,9,9,6541,5,4,6373,5,9,5766,0.5,0.8,1,3,8,11,4871,5,6,7924,5,10,6070,0.5,0.8,1
line,fusion_id,3,9,3,8614,6,6,7512,4,6,5891,0.5,0.8,1,3,5,10,6815,2,8,7245,3,6,6965,0.5,0.8,1
line,fusion_id,3,5,9,6076,4,8,8111,4,5,7252,0.5,0.8,1,3,6,10,7163,3,8,6217,3,11,7611,0.5,0.8,1
line,fusion_id,3,6,5,6359,6,14,7171,6,3,7050,0.5,0.8,1,3,2,8,8862,6,5,7375,4,9,6811,0.5,0.8,1
line,fusion_id,3,6,12,6905,6,10,6124,5,10,7080,0.5,0.8,1,3,5,9,6993,5,8,6655,8,9,7230,0.5,0.8,1
line,fusion_id,3,7,12,7476,4,9,7329,3,9,7568,0.5,0.8,1,3,10,2,5391,5,11,8221,4,8,6672,0.5,0.8,1
line,fusion_id,3,8,9,7940,7,6,8154,3,11,6390,0.5,0.8,1,3,6,7,5544,4,7,7209,4,8,7625,0.5,0.8,1
line,fusion_id,3,7,7,9855,8,6,5544,4,4,6801,0.5,0.8,1,3,3,7,6047,11,5,6771,4,6,6258,0.5,0.8,1
line,fusion_id,3,7,7,8562,3,9,5626,8,11,5517,0.5,0.8,1,3,8,4,6738,8,8,6423,5,5,6961,0.5,0.8,1
line,fusion_id,3,4,9,6257,5,6,5958,8,14,5887,0.5,0.8,1,3,5,8,8137,6,9,8811,3,9,4916,0.5,0.8,1
line,fusion_id,3,6,11,9364,4,4,6027,7,5,6446,0.5,0.8,1,3,3,9,7108,1,7,6788,3,2,7317,0.5,0.8,1
line,fusion_id,3,9,12,6673,2,8,8165,5,5,9566,0.5,0.8,1,3,4,16,8392,4,7,5977,3,4,8763,0.5,0.8,1
line,fusion_id,3,7,9,6445,2,9,6594,9,11,7604,0.5,0.8,1,3,2,5,8002,9,6,6373,8,6,7815,0.5,0.8,1
line,fusion_id,3,3,3,8004,3,6,6846,4,2,7882,0.5,0.8,1,3,2,7,7134,6,4,8357,8,6,6298,0.5,0.8,1
line,fusion_id,3,7,6,5830,5,3,7202,3,7,7718,0.5,0.8,1,3,4,11,6926,7,8,7249,5,7,5944,0.5,0.8,1
line,fusion_id,3,3,11,7537,4,11,7280,5,6,8290,0.5,0.8,1,3,5,6,6456,2,9,6725,6,10,5928,0.5,0.8,1
line,fusion_id,3,5,13,7765,2,8,5268,5,10,5712,0.5,0.8,1,3,7,6,8313,5,9,7222,6,14,7897,0.5,0.8,1
line,fusion_id,3,5,4,6862,5,8,6284,10,10,8119,0.5,0.8,1,3,2,10,6659,10,9,7488,3,10,8380,0.5,0.8,1
line,fusion_id,3,4,9,6565,5,7,8681,5,10,5240,0.5,0.8,1,3,7,10,8310,6,5,6975,6,6,6862,0.5,0.8,1
line,fusion_id,3,4,7,6172,3,7,8030,2,3,7624,0.5,0.8,1,3,7,8,7699,4,5,5689,2,9,7432,0.5,0.8,1
line,fusion_id,3,11,9,5203,4,6,7014,8,7,6341,0.5,0.8,1,3,10,10,8719,7,7,6415,2,3,6707,0.5,0.8,1
line,fusion_id,3,7,8,5431,4,6,5964,2,3,7771,0.5,0.8,1,3,5,2,8667,6,13,6347,5,8,9415,0.5,0.8,1
line,fusion_id,3,1,9,7104,4,9,6460,0,8,7888,0.5,0.8,1,3,1,12,7520,3,5,7025,2,15,6532,0.5,0.8,1
line,fusion_id,3,1,9,8999,5,11,5892,1,9,7460,0.5,0.8,1,3,3,11,7502,3,10,7512,8,8,6376,0.5,0.8,1
line,fusion_id,3,3,12,5146,2,11,7109,10,6,5741,0.5,0.8,1,3,8,2,6582,4,4,6549,2,4,7808,0.5,0.8,1
line,fusion_id,3,5,12,6572,5,6,7878,7,10,7152,0.5,0.8,1,3,2,9,6892,7,8,7096,6,5,6067,0.5,0.8,1
line,fusion_id,3,6,12,6627,3,13,7351,6,5,6852,0.5,0.8,1,3,10,11,9163,3,11,7831,5,11,7076,0.5,0.8,1
line,fusion_id,3,3,10,7158,2,15,6663,7,3,7437,0.5,0.8,1,3,7,5,5739,6,6,8660,5,4,7026,0.5,0.8,1
line,fusion_id,3,9,8,6048,7,8,8223,5,6,7173,0.5,0.8,1,3,2,8,7157,4,9,6418,6,10,6349,0.5,0.8,1
line,fusion_id,3,6,5,6474,7,9,5888,3,12,6617,0.5,0.8,1,3,6,7,8729,5,12,7208,8,6,6605,0.5,0.8,1
line,fusion_id,3,3,12,7557,5,8,7456,3,6,6898,0.5,0.8,1,3,2,7,6184,6,10,5924,5,7,8908,0.5,0.8,1
line,fusion_id,3,1,11,6008,8,14,6794,3,13,7068,0.5,0.8,1,3,2,6,7903,5,9,5720,6,5,5966,0.5,0.8,1
line,fusion_id,3,5,6,7172,7,10,8066,4,12,7891,0.5,0.8,1,3,4,6,6755,4,4,5593,3,7,7074,0.5,0.8,1
line,fusion_id,3,2,12,6193,1,4,7839,7,5,7022,0.5,0.8,1,3,3,6,7815,4,8,8036,4,5,5386,0.5,0.8,1
line,fusion_id,3,7,9,6514,2,5,6461,4,11,7379,0.5,0.8,1,3,7,9,6254,4,4,7395,8,14,6276,0.5,0.8,1
line,fusion_id,3,4,5,5745,0,8,8024,5,7,9729,0.5,0.8,1,3,8,6,5783,5,4,7879,5,6,6532,0.5,0.8,1
line,fusion_id,3,6,6,6211,4,8,7894,4,10,6972,0.5,0.8,1,3,5,6,6272,7,8,7111,1,4,6341,0.5,0.8,1
line,fusion_id,3,5,6,6032,0,10,7266,2,9,8252,0.5,0.8,1,3,2,9,6476,2,8,7278,7,11,7514,0.5,0.8,1
line,fusion_id,3,5,7,6784,1,12,8107,5,7,6092,0.5,0.8,1,3,3,10,6237,4,11,5944,3,6,6429,0.5,0.8,1
line,fusion_id,3,6,9,8348,4,6,8023,3,7,5156,0.5,0.8,1,3,8,7,8582,4,13,6551,4,9,6679,0.5,0.8,1
line,fusion_id,3,5,4,8640,3,5,6766,5,13,7692,0.5,0.8,1,3,2,5,5086,7,6,6501,5,5,7441,0.5,0.8,1
line,fusion_id,3,4,7,6871,4,14,7291,4,11,6440,0.5,0.8,1,3,6,16,7246,5,12,6253,6,8,8296,0.5,0.8,1
line,fusion_id,3,4,7,8141,3,7,6963,7,6,6924,0.5,0.8,1,3,7,5,9064,7,8,5292,5,10,5546,0.5,0.8,1
line,fusion_id,3,4,15,6971,6,8,6981,8,10,7294,0.5,0.8,1,3,5,7,7987,4,9,7097,6,13,7317,0.5,0.8,1
line,fusion_id,3,1,5,7342,1,10,4770,6,4,6936,0.5,0.8,1,3,2,10,6445,4,8,5152,2,8,7496,0.5,0.8,1
line,fusion_id,3,5,10,7379,3,8,8162,2,10,7409,0.5,0.8,1,3,2,12,4927,6,11,6392,2,9,7659,0.5,0.8,1
line,fusion_id,3,7,10,7112,5,7,6527,4,12,6806,0.5,0.8,1,3,6,11,6737,7,14,6997,5,14,5968,0.5,0.8,1
line,fusion_id,3,10,8,6308,4,5,6065,9,7,6964,0.5,0.8,1,3,5,14,9752,5,3,5854,6,7,7672,0.5,0.8,1
line,fusion_id,3,5,8,6954,4,12,5684,3,12,6372,0.5,0.8,1,3,3,2,8824,0,9,6954,4,6,8578,0.5,0.8,1
line,fusion_id,3,6,9,6763,3,4,7736,2,10,5902,0.5,0.8,1,3,7,7,7455,3,9,6106,3,10,7481,0.5,0.8,1
line,fusion_id,3,4,7,7947,3,3,8482,2,12,7430,0.5,0.8,1,3,9,7,7693,3,10,7515,3,10,6719,0.5,0.8,1
line,fusion_id,3,7,3,7373,9,11,7252,4,8,6088,0.5,0.8,1,3,6,11,5887,7,7,8091,4,11,9267,0.5,0.8,1
line,fusion_id,3,5,7,6520,4,13,7745,5,9,7795,0.5,0.8,1,3,4,17,7117,8,11,8345,5,8,6564,0.5,0.8,1
line,fusion_id,3,3,8,5732,4,3,7424,5,4,7369,0.5,0.8,1,3,8,10,6515,3,13,6878,5,6,10246,0.5,0.8,1
line,fusion_id,3,5,8,7908,5,8,7709,4,5,5042,0.5,0.8,1,3,3,17,6190,5,5,7242,9,8,8338,0.5,0.8,1
line,fusion_id,3,1,9,6274,4,12,7213,6,12,7094,0.5,0.8,1,3,5,6,6342,6,7,8774,3,4,6262,0.5,0.8,1
line,fusion_id,3,4,12,7800,10,4,6403,8,3,7953,0.5,0.8,1,3,10,9,7611,4,6,4834,4,6,7110,0.5,0.8,1
line,fusion_id,3,3,5,6606,5,4,6659,6,7,7254,0.5,0.8,1,3,3,9,6732,3,7,7162,6,7,7539,0.5,0.8,1
line,fusion_id,3,7,13,6880,4,10,9729,7,10,9087,0.5,0.8,1,3,5,4,5948,4,8,9013,6,11,8430,0.5,0.8,1
line,fusion_id,3,9,8,6836,6,12,7204,4,5,8125,0.5,0.8,1,3,5,5,7155,1,7,6736,6,6,7928,0.5,0.8,1
line,fusion_id,3,5,7,6640,6,7,6703,5,5,6882,0.5,0.8,1,3,5,9,7559,7,12,7258,3,10,7065,0.5,0.8,1
line,fusion_id,3,2,7,7048,3,6,7425,5,6,7088,0.5,0.8,1,3,4,8,6613,0,10,7392,4,8,5871,0.5,0.8,1
line,fusion_id,3,4,11,8208,5,15,6724,3,10,5969,0.5,0.8,1,3,6,4,8323,8,10,6154,2,7,6479,0.5,0.8,1
line,fusion_id,3,6,8,5960,2,11,6953,4,5,8970,0.5,0.8,1,3,6,6,7081,5,10,6057,6,8,6933,0.5,0.8,1
line,fusion_id,3,7,11,6192,8,9,7054,6,7,7754,0.5,0.8,1,3,2,11,8772,3,3,6027,1,6,6988,0.5,0.8,1
line,fusion_id,3,5,5,9058,5,7,6296,3,12,6637,0.5,0.8,1,3,3,5,6446,3,11,7955,8,11,8068,0.5,0.8,1
line,fusion_id,3,7,4,6498,6,10,8544,3,14,6333,0.5,0.8,1,3,5,2,8470,6,10,7037,2,3,6541,0.5,0.8,1
line,fusion_id,3,6,12,5849,6,8,6951,8,6,6823,0.5,0.8,1,3,2,10,7033,4,12,6441,6,7,7702,0.5,0.8,1
line,fusion_id,3,3,15,6553,4,7,5988,1,5,6551,0.5,0.8,1,3,4,4,7943,7,10,6975,5,6,7196,0.5,0.8,1
line,fusion_id,3,7,6,7025,10,10,6312,9,10,8092,0.5,0.8,1,3,8,7,6852,3,12,7892,1,6,7753,0.5,0.8,1
line,fusion_id,3,9,8,5868,5,12,7115,8,5,7544,0.5,0.8,1,3,4,12,7772,4,5,7859,7,5,6251,0.5,0.8,1
line,fusion_id,3,2,9,8669,7,8,6687,5,7,7547,0.5,0.8,1,3,3,4,6152,3,11,7506,5,7,6395,0.5,0.8,1
line,fusion_id,3,3,6,5992,1,11,6400,4,12,7803,0.5,0.8,1,3,5,9,6614,8,6,7751,6,10,7353,0.5,0.8,1
line,fusion_id,3,9,9,7074,2,7,7452,5,8,6034,0.5,0.8,1,3,9,6,6449,5,7,6978,5,5,7406,0.5,0.8,1
line,fusion_id,3,6,4,6364,7,4,6337,9,7,8021,0.5,0.8,1,3,2,6,6960,8,6,5445,6,9,5974,0.5,0.8,1
line,fusion_id,3,7,7,6599,2,4,6786,4,6,5942,0.5,0.8,1,3,13,11,6360,4,8,5881,3,12,6646,0.5,0.8,1
line,fusion_id,3,5,7,7661,6,9,6366,4,10,8758,0.5,0.8,1,3,3,9,8781,3,11,5847,6,14,5972,0.5,0.8,1
line,fusion_id,3,3,7,7487,1,10,6798,4,9,7790,0.5,0.8,1,3,4,8,5555,6,14,8768,5,10,7299,0.5,0.8,1
line,fusion_id,3,3,10,7670,7,9,8309,3,8,6907,0.5,0.8,1,3,3,11,6323,6,8,6775,1,10,6195,0.5,0.8,1
line,fusion_id,3,6,7,6068,4,11,7909,3,3,8070,0.5,0.8,1,3,5,7,7624,8,3,5150,8,10,7204,0.5,0.8,1
line,fusion_id,3,7,8,6049,10,14,7324,4,6,10034,0.5,0.8,1,3,6,4,6840,3,6,6386,4,15,8070,0.5,0.8,1
line,fusion_id,3,5,10,7854,3,8,7846,9,7,5528,0.5,0.8,1,3,7,8,6191,2,7,7135,9,7,8153,0.5,0.8,1
line,fusion_id,3,2,8,6312,1,7,6782,4,9,6202,0.5,0.8,1,3,2,4,6594,7,13,7086,7,6,7394,0.5,0.8,1
line,fusion_id,3,6,7,6004,4,7,5805,7,8,7945,0.5,0.8,1,3,5,4,6726,8,8,8020,5,7,7728,0.5,0.8,1
line,fusion_id,3,3,7,5564,6,11,6502,5,7,5977,0.5,0.8,1,3,10,10,7260,6,2,6608,7,12,5637,0.5,0.8,1
line,fusion_id,3,5,7,6710,6,3,6638,5,6,5800,0.5,0.8,1,3,5,2,7049,3,10,8221,6,12,8844,0.5,0.8,1
line,fusion_id,3,8,8,5578,6,13,6415,6,10,6803,0.5,0.8,1,3,2,8,5242,8,6,5924,3,3,6695,0.5,0.8,1
line,fusion_id,3,3,10,6584,4,6,7338,1,5,5476,0.5,0.8,1,3,6,5,7314,6,9,6594,8,11,8529,0.5,0.8,1
line,fusion_id,3,6,7,7873,3,6,8335,9,6,7509,0.5,0.8,1,3,5,9,6581,3,7,7828,4,16,6684,0.5,0.8,1
line,fusion_id,3,6,4,6815,9,7,4243,8,7,8046,0.5,0.8,1,3,3,6,6872,6,2,7175,8,10,5535,0.5,0.8,1
line,fusion_id,3,9,10,7170,5,6,9273,5,7,6372,0.5,0.8,1,3,2,8,8033,4,11,6903,9,4,6281,0.5,0.8,1
line,fusion_id,3,5,13,7390,7,10,7195,4,14,7408,0.5,0.8,1,3,4,9,8567,5,7,8427,4,10,7102,0.5,0.8,1
line,fusion_id,3,4,5,5892,6,5,6709,4,8,7651,0.5,0.8,1,3,8,8,7386,4,7,4991,8,6,7022,0.5,0.8,1
line,fusion_id,3,6,4,9941,6,10,6027,5,7,7236,0.5,0.8,1,3,10,5,7701,2,4,7061,2,10,7332,0.5,0.8,1
line,fusion_id,3,6,8,6370,5,10,6472,6,4,7465,0.5,0.8,1,3,4,7,8296,5,4,6728,2,7,7956,0.5,0.8,1
line,fusion_id,3,8,9,8402,3,9,6406,4,4,7176,0.5,0.8,1,3,10,3,4860,9,12,5963,6,2,6699,0.5,0.8,1
line,fusion_id,3,7,5,5621,4,7,7646,1,8,8463,0.5,0.8,1,3,4,12,6103,7,12,7629,4,7,6702,0.5,0.8,1
line,fusion_id,3,7,8,7215,4,7,6719,3,7,6529,0.5,0.8,1,3,5,5,6996,2,4,8028,6,11,8167,0.5,0.8,1
line,fusion_id,3,13,12,7696,6,8,9050,10,10,7891,0.5,0.8,1,3,1,5,6962,6,2,7199,4,10,8174,0.5,0.8,1
line,fusion_id,3,9,8,6970,3,6,5746,4,5,6728,0.5,0.8,1,3,3,19,6180,5,4,6027,7,5,5839,0.5,0.8,1
line,fusion_id,3,6,9,9512,4,7,7391,4,8,8498,0.5,0.8,1,3,5,9,7157,7,8,8784,4,7,6605,0.5,0.8,1
line,fusion_id,3,4,5,5663,6,8,6487,5,8,8177,0.5,0.8,1,3,7,3,7433,6,6,7606,2,11,8015,0.5,0.8,1
line,fusion_id,3,4,7,7378,3,7,7536,5,5,5713,0.5,0.8,1,3,4,5,6875,6,7,9376,3,8,8505,0.5,0.8,1
line,fusion_id,3,2,11,6503,7,9,6416,7,14,8326,0.5,0.8,1,3,1,5,7628,4,7,6843,8,5,7517,0.5,0.8,1
line,fusion_id,3,2,10,5689,3,9,7035,6,7,6192,0.5,0.8,1,3,4,7,8034,4,8,6773,4,9,7015,0.5,0.8,1
line,fusion_id,3,6,7,5610,5,10,6619,8,12,6296,0.5,0.8,1,3,1,5,6559,4,5,6775,4,13,6591,0.5,0.8,1
line,fusion_id,3,5,4,6581,4,6,5999,5,6,5883,0.5,0.8,1,3,3,2,5485,5,11,6858,3,11,7823,0.5,0.8,1
line,fusion_id,3,7,6,7592,4,5,6261,5,10,6835,0.5,0.8,1,3,5,7,6721,6,11,8247,10,10,6621,0.5,0.8,1
line,fusion_id,3,3,4,8581,2,6,6431,5,8,7499,0.5,0.8,1,3,5,15,7780,5,10,5992,2,8,7490,0.5,0.8,1
line,fusion_id,3,3,11,6637,3,2,6510,6,10,6936,0.5,0.8,1,3,3,6,9604,6,12,7912,3,8,6754,0.5,0.8,1
line,fusion_id,3,5,13,6049,1,4,6880,6,10,5920,0.5,0.8,1,3,6,6,5420,7,11,7476,2,8,6658,0.5,0.8,1
line,fusion_id,3,4,11,6946,6,7,5920,4,8,8477,0.5,0.8,1,3,5,10,7431,7,8,8552,8,7,5102,0.5,0.8,1
line,fusion_id,3,9,12,7444,9,6,7166,6,13,6538,0.5,0.8,1,3,4,7,6847,3,9,6509,7,8,6557,0.5,0.8,1
line,fusion_id,3,3,10,6400,8,7,6727,2,7,5173,0.5,0.8,1,3,5,8,6342,5,9,7301,4,9,7856,0.5,0.8,1
line,fusion_id,3,7,7,7156,4,5,5209,10,4,5702,0.5,0.8,1,3,5,6,5521,2,14,6478,3,9,5539,0.5,0.8,1
line,fusion_id,3,8,4,6140,7,9,6412,5,6,8110,0.5,0.8,1,3,6,6,7235,4,10,6035,4,3,5896,0.5,0.8,1
line,fusion_id,3,3,14,6749,4,4,6478,8,5,8419,0.5,0.8,1,3,5,3,6849,2,9,7325,3,12,8291,0.5,0.8,1
line,fusion_id,3,4,10,6610,4,8,7203,7,7,6968,0.5,0.8,1,3,4,9,6016,3,7,7257,2,13,7050,0.5,0.8,1
line,fusion_id,3,4,4,7289,8,9,6184,8,7,7108,0.5,0.8,1,3,8,4,6151,6,4,7629,4,7,7790,0.5,0.8,1
line,fusion_id,3,4,11,5124,5,9,6737,4,7,7466,0.5,0.8,1,3,2,9,7673,6,9,8134,3,8,8787,0.5,0.8,1
line,fusion_id,3,4,14,6378,3,8,7508,7,4,7779,0.5,0.8,1,3,3,7,7691,7,6,7587,3,12,7293,0.5,0.8,1
line,fusion_id,3,5,7,7447,3,13,7893,6,9,7405,0.5,0.8,1,3,3,7,9740,5,9,6411,4,8,7684,0.5,0.8,1
line,fusion_id,3,6,4,6031,3,12,5414,8,12,6245,0.5,0.8,1,3,2,10,7698,6,7,6653,3,8,7840,0.5,0.8,1
line,fusion_id,3,1,12,7966,3,7,9187,2,2,6323,0.5,0.8,1,3,5,9,5937,4,9,8019,3,7,7776,0.5,0.8,1
line,fusion_id,3,8,7,7425,5,7,7808,2,6,7383,0.5,0.8,1,3,3,11,6052,4,6,7309,5,3,7506,0.5,0.8,1
line,fusion_id,3,7,2,7601,11,7,6797,3,9,7055,0.5,0.8,1,3,5,12,8331,6,6,5525,4,8,8352,0.5,0.8,1
line,fusion_id,3,4,8,8451,4,6,7038,6,6,6953,0.5,0.8,1,3,1,7,7203,4,7,7733,6,9,8211,0.5,0.8,1
line,fusion_id,3,8,7,7919,6,6,8862,6,6,7106,0.5,0.8,1,3,2,7,6534,2,6,8021,6,12,6412,0.5,0.8,1
line,fusion_id,3,4,9,5342,4,6,7405,7,4,7266,0.5,0.8,1,3,3,6,5634,4,6,6537,6,2,5892,0.5,0.8,1
line,fusion_id,3,10,7,6901,4,5,5472,7,7,6111,0.5,0.8,1,3,2,4,6431,4,11,6934,2,4,6879,0.5,0.8,1
line,fusion_id,3,0,9,7941,3,7,5905,4,6,7758,0.5,0.8,1,3,8,9,6761,6,9,6407,3,6,8159,0.5,0.8,1
line,fusion_id,3,4,10,5910,6,9,7297,7,8,7554,0.5,0.8,1,3,6,6,5394,2,6,6398,2,10,6568,0.5,0.8,1
line,fusion_id,3,6,9,7961,4,10,6332,4,7,5768,0.5,0.8,1,3,8,7,6962,5,16,6105,1,8,5773,0.5,0.8,1
line,fusion_id,3,5,7,6432,3,19,6268,12,6,7668,0.5,0.8,1,3,3,5,8533,4,7,7548,4,11,6737,0.5,0.8,1
line,fusion_id,3,3,6,6194,3,3,6634,5,10,7920,0.5,0.8,1,3,4,8,6150,3,5,6473,2,9,7546,0.5,0.8,1
line,fusion_id,3,7,15,6291,5,6,6702,10,9,9293,0.5,0.8,1,3,1,8,8035,3,7,7466,2,3,6584,0.5,0.8,1
line,fusion_id,3,7,13,5438,6,8,6684,6,5,7723,0.5,0.8,1,3,5,11,6107,4,2,6683,4,7,8437,0.5,0.8,1
line,fusion_id,3,7,10,8934,3,7,7178,3,10,6861,0.5,0.8,1,3,2,10,6096,1,11,7421,2,11,8903,0.5,0.8,1
line,fusion_id,3,3,6,6157,4,6,7201,6,10,7471,0.5,0.8,1,3,9,8,6259,3,9,7628,5,9,6174,0.5,0.8,1
line,fusion_id,3,6,5,7060,1,10,5997,3,4,4609,0.5,0.8,1,3,5,7,6844,11,13,7662,4,7,7787,0.5,0.8,1
line,fusion_id,3,4,11,7235,7,8,6556,2,5,6399,0.5,0.8,1,3,1,9,6594,6,9,6251,4,4,7771,0.5,0.8,1
line,fusion_id,3,5,7,7089,6,11,6104,5,9,6045,0.5,0.8,1,3,5,9,7214,4,6,7100,8,6,9082,0.5,0.8,1
line,fusion_id,3,7,8,6095,7,5,6222,9,9,6705,0.5,0.8,1,3,1,7,6525,3,6,7643,3,13,5305,0.5,0.8,1
line,fusion_id,3,3,7,6999,7,5,7572,6,7,7491,0.5,0.8,1,3,3,5,7031,4,11,7681,2,10,6408,0.5,0.8,1
line,fusion_id,3,4,8,7269,2,12,6577,5,6,10912,0.5,0.8,1,3,7,10,6340,4,9,8189,4,8,7465,0.5,0.8,1
